specification,hagibis_mask,placebo_code,pre_rmspe,opening_gap_log,late_gap_log
primary,event,05,0.11255091497731647,-0.29088880073171275,-0.06779713199421769
primary,event,06,0.08942036129297161,-0.05349624401484743,-0.17054739982502468
primary,event,08,0.056395357479537216,-0.0004915981934150437,0.01582083570079733
primary,event,09,0.07567404434918246,0.005362398781072919,-0.13175961361414115
primary,event,10,0.041895929399875624,-0.10408281331096436,-0.06765446554339513
primary,event,11,0.04458682696551555,-0.000229452792224194,0.20103641160714555
primary,event,12,0.04568096644773207,0.041218016458895335,0.10139309631037703
primary,event,13,0.7348387296583477,0.6784382635691966,0.5068006422946137
primary,event,14,0.03609060791770332,0.0076380265258988445,-0.08219042065752306
primary,event,18,0.09988154159483897,-0.04431708817732094,0.03638588346481373
primary,event,19,0.15431999152639864,0.023772815700004557,0.1411859435383429
primary,event,21,0.05213749705218891,0.06695976281944116,0.03661761542411096
primary,event,22,0.08439828277408618,-0.045154335216980535,-0.14901674161695325
primary,event,23,0.03583104417970593,0.04788953694331699,-0.03385852367929626
primary,event,24,0.06788346532068898,-0.017892182950890678,-0.11181711677634176
primary,event,25,0.05664949169977715,0.14816038655686636,-0.05686321810960392
primary,event,26,0.11270750413521427,-0.09895424149629495,0.09099195755040226
primary,event,27,0.058023436049408135,0.05941124471893211,0.26129401633871935
primary,event,28,0.036809596687387626,-0.007151162605198991,-0.11472695826393937
primary,event,29,0.2222059366322279,-0.0034474601435210417,0.04507777363369909
primary,event,30,0.07230376321938077,0.008392777555011222,0.048623206714931436
primary,event,31,0.08796465584304479,-0.16655345879999484,-0.09610073170602401
primary,event,32,0.07333003554366535,0.14965175376916484,0.033315273362588896
primary,event,35,0.04125351751852626,0.00910759135487993,-0.23667432097262217
primary,event,36,0.18848887104692827,-0.1322023657711222,-0.13513128400047505
primary,event,37,0.05508987534633908,0.11240189882606622,0.11613397955453957
primary,event,39,0.09144735527235216,-0.15996090157393628,-0.1627483809049226
primary,event,40,0.037965058931289535,-0.05630868135797318,0.042606349653754635
primary,event,41,0.10287535419817004,0.0941327183056675,-0.07417272132916237
primary,event,42,0.06179463512882993,0.13896474960260008,-0.10059810217150077
primary,event,44,0.06037724323491077,0.14484019385411084,0.08865458764874444
primary,event,45,0.11084304929591292,-0.1612794562668034,0.03993282407244027
primary,event,46,0.039484850166011234,-0.068210450203809,0.038255868713314566
primary,event,47,0.140632414561094,-0.035506816403191976,0.25267309065878896
pre_50_months,event,05,0.15576194258359818,-0.3321642515181189,-0.1128060206960972
pre_50_months,event,06,0.0835523473581932,-0.06815138147892341,-0.17260994350827003
pre_50_months,event,08,0.07823252167284953,0.014928387313140945,-0.0012841824476129452
pre_50_months,event,09,0.07487585927433459,0.015095239941463667,-0.12189072362051126
pre_50_months,event,10,0.06366984937863804,-0.08480006191190004,-0.08790569462018097
pre_50_months,event,11,0.050130449372670645,0.013054079834778243,0.19589750350704033
pre_50_months,event,12,0.10117617917279993,0.08845044361765098,0.10215159393289311
pre_50_months,event,13,0.7172472759629088,0.6784382635691966,0.5068006422946137
pre_50_months,event,14,0.048610884959830895,0.014125050292174812,-0.024787241007100932
pre_50_months,event,18,0.10304476139005124,-0.04345556531111949,0.03954922213902634
pre_50_months,event,19,0.1659552446900876,0.16797333843911577,0.15900118221309426
pre_50_months,event,21,0.05154543016313906,0.09087181871013161,0.10574996460161802
pre_50_months,event,22,0.09355634108398457,-0.04897850942666082,-0.14322464808448063
pre_50_months,event,23,0.03917147410838461,0.060046859183301216,-0.04134178491082537
pre_50_months,event,24,0.07444886396421817,-0.05143731543264085,-0.20454073094536557
pre_50_months,event,25,0.07499877846620293,0.12606715940713098,-0.04742912060453341
pre_50_months,event,26,0.1107078230395075,-0.09554900006239997,0.09453116247790884
pre_50_months,event,27,0.06825016458722825,0.08096909620240922,0.28966649049249465
pre_50_months,event,28,0.03949681261281477,-0.02241966658829586,-0.1479931308926801
pre_50_months,event,29,0.23684391335519372,0.008358605823496568,0.0637065154695381
pre_50_months,event,30,0.09725498444040305,-0.02326782788212789,0.007572961577145019
pre_50_months,event,31,0.09417538427855443,-0.18624052373694422,-0.07527054237158397
pre_50_months,event,32,0.07071020574883458,0.12108028670509619,0.023140870129325603
pre_50_months,event,35,0.06092974290647768,0.01409020672219441,-0.2506946994001541
pre_50_months,event,36,0.19052317314229672,-0.12692527808357834,-0.13347590339526427
pre_50_months,event,37,0.061004451707610596,0.09884140897395355,0.1004133482919638
pre_50_months,event,39,0.09075799597840732,-0.19239743047357827,-0.16694879034480528
pre_50_months,event,40,0.04145131827684438,-0.08646945692705721,-0.009632323996472259
pre_50_months,event,41,0.10419017174056154,0.10418730506697216,-0.06302181706076165
pre_50_months,event,42,0.06525840682206774,0.11853066044997096,-0.12293668936766058
pre_50_months,event,44,0.08119361197742793,0.08589374573189534,0.06983453357039593
pre_50_months,event,45,0.11748152194283079,-0.10548668883334766,0.012480124251334447
pre_50_months,event,46,0.0475743441744438,-0.07465175642691513,0.038495162807802
pre_50_months,event,47,0.13650670504514095,-0.015140164233452325,0.27356366336570936
strict_donors,event,09,0.09249558273323714,-0.018273981313396526,-0.08410802774948045
strict_donors,event,10,0.04619990734614135,-0.12276988092257479,-0.09578285397934247
strict_donors,event,11,0.048588276555043414,-0.03590620911393483,0.15158078109044257
strict_donors,event,13,0.9532985492859116,1.0166778843404884,1.1609066051769665
strict_donors,event,14,0.05048714170145092,0.03742678612482031,0.09689394284298798
strict_donors,event,18,0.10072250915834474,-0.06892306929333447,0.012398455903131456
strict_donors,event,19,0.15432581523989594,0.022373281964372715,0.14705535779130594
strict_donors,event,22,0.08838922178380358,-0.05176465178677425,-0.15772258376189285
strict_donors,event,23,0.04138067039676964,0.06362111194461217,-0.028604114726066575
strict_donors,event,24,0.07440597448059134,-0.006631441804161753,-0.07104274312535105
strict_donors,event,25,0.06725827044034853,0.12504158729952053,-0.031165598694708238
strict_donors,event,30,0.07270959255219575,-0.021515934688717486,0.020202050202064656
strict_donors,event,36,0.2597929969757406,-0.252015558032638,-0.17313145302118957
strict_donors,event,37,0.08303063789125847,0.04052737397672779,0.06859951364691443
strict_donors,event,40,0.036887122355901934,-0.0612585417952376,0.04132329365233753
strict_donors,event,41,0.10441646810476353,0.08752482006107254,-0.07923693322587395
strict_donors,event,42,0.06554766103714582,0.1351486473976795,-0.06749622344550912
strict_donors,event,45,0.12142812690203816,-0.1513526713800033,0.030125637207562422
strict_donors,event,46,0.04338751689656207,-0.06842362334271979,0.042221651121199244
strict_donors,event,47,0.14046468513497393,-0.03823837672175756,0.2514756343108496
mask_2018_06_09,event,05,0.11255091497731647,-0.29088880073171275,-0.09520158017802471
mask_2018_06_09,event,06,0.08942036129297161,-0.05349624401484743,-0.17847804752808538
mask_2018_06_09,event,08,0.056395357479537216,-0.0004915981934150437,0.014121917438096245
mask_2018_06_09,event,09,0.07567404434918246,0.005362398781072919,-0.14226264730762803
mask_2018_06_09,event,10,0.041895929399875624,-0.10408281331096436,-0.06419514997894647
mask_2018_06_09,event,11,0.04458682696551555,-0.000229452792224194,0.21086835997788364
mask_2018_06_09,event,12,0.04568096644773207,0.041218016458895335,0.0978434990875347
mask_2018_06_09,event,13,0.7348387296583477,0.6784382635691966,0.5070523578471364
mask_2018_06_09,event,14,0.03609060791770332,0.0076380265258988445,-0.09353700280865866
mask_2018_06_09,event,18,0.09988154159483897,-0.04431708817732094,0.016698089274234107
mask_2018_06_09,event,19,0.15431999152639864,0.023772815700004557,0.11830405250617027
mask_2018_06_09,event,21,0.05213749705218891,0.06695976281944116,0.046942024794681084
mask_2018_06_09,event,22,0.08439828277408618,-0.045154335216980535,-0.15317865193010421
mask_2018_06_09,event,23,0.03583104417970593,0.04788953694331699,-0.039633452552363925
mask_2018_06_09,event,24,0.06788346532068898,-0.017892182950890678,-0.12101631375332952
mask_2018_06_09,event,25,0.05664949169977715,0.14816038655686636,-0.06457770053698007
mask_2018_06_09,event,26,0.11270750413521427,-0.09895424149629495,0.12864053691612654
mask_2018_06_09,event,27,0.058023436049408135,0.05941124471893211,0.2689832053498296
mask_2018_06_09,event,28,0.036809596687387626,-0.007151162605198991,-0.11572366622947437
mask_2018_06_09,event,29,0.2222059366322279,-0.0034474601435210417,0.03744080642627962
mask_2018_06_09,event,30,0.07230376321938077,0.008392777555011222,0.05808139553469653
mask_2018_06_09,event,31,0.08796465584304479,-0.16655345879999484,-0.14397941692329405
mask_2018_06_09,event,32,0.07333003554366535,0.14965175376916484,0.0696272042706913
mask_2018_06_09,event,35,0.04125351751852626,0.00910759135487993,-0.25622417209823006
mask_2018_06_09,event,36,0.18848887104692827,-0.1322023657711222,-0.13128744752828203
mask_2018_06_09,event,37,0.05508987534633908,0.11240189882606622,0.12897458384100402
mask_2018_06_09,event,39,0.09144735527235216,-0.15996090157393628,-0.17043860357287458
mask_2018_06_09,event,40,0.037965058931289535,-0.05630868135797318,0.05407708140826357
mask_2018_06_09,event,41,0.10287535419817004,0.0941327183056675,-0.06419925272390203
mask_2018_06_09,event,42,0.06179463512882993,0.13896474960260008,-0.10404622092880547
mask_2018_06_09,event,44,0.06037724323491077,0.14484019385411084,0.09253967533170765
mask_2018_06_09,event,45,0.11084304929591292,-0.1612794562668034,0.04225302502977052
mask_2018_06_09,event,46,0.039484850166011234,-0.068210450203809,0.02789472055103671
mask_2018_06_09,event,47,0.140632414561094,-0.035506816403191976,0.2510471780915071
japanese_only,event,05,0.11028808229209446,-0.27288486167203096,-0.024000046123969478
japanese_only,event,06,0.08544219891434177,-0.015311873062661796,-0.1131130622580714
japanese_only,event,08,0.05795046463922978,-0.006864617332736245,0.015388229435662242
japanese_only,event,09,0.07180607908074592,0.045515414145071986,-0.044865775319348836
japanese_only,event,10,0.04104693898217675,-0.08008770475107774,-0.043667461929328806
japanese_only,event,11,0.04605007468074006,0.021099108703360514,0.25720698206091536
japanese_only,event,12,0.044251453594542065,0.032399439214872316,0.09216538578935764
japanese_only,event,13,0.7114594251291326,0.6520791116264242,0.5388706231182965
japanese_only,event,14,0.02907948808176435,0.04113722786223928,-0.023512137519819808
japanese_only,event,18,0.09852560458468564,-0.024127096855127483,0.08517327384553575
japanese_only,event,19,0.15922318993716567,0.009298781020696367,0.0376092744538115
japanese_only,event,21,0.04813710368792523,0.025195270450267593,-0.007752115195855309
japanese_only,event,22,0.08000004005186527,-0.0199420675002715,-0.11382894128814916
japanese_only,event,23,0.04091351014394764,0.05074445615989287,0.005607829384025357
japanese_only,event,24,0.06592166252289869,-0.006468836974951486,-0.0826405029399042
japanese_only,event,25,0.05901913443420311,0.12172838851307777,-0.011593348251841416
japanese_only,event,26,0.12258098480152849,-0.1250819866769648,0.022977518279370248
japanese_only,event,27,0.04333584357422138,-0.016369377059519685,0.09637499723631447
japanese_only,event,28,0.03644032459734015,-0.008135410198299553,-0.0712953242341243
japanese_only,event,29,0.24847737369340825,-0.09205615389711674,-0.09486061909633099
japanese_only,event,30,0.07486363079935547,-0.029865900068706708,0.036346145710236526
japanese_only,event,31,0.09016904258295008,-0.172627383256045,-0.08336929211061911
japanese_only,event,32,0.07592764692678264,0.1685047503317918,0.065321394692987
japanese_only,event,35,0.04076536195800127,0.024940646637480413,-0.19425302156262425
japanese_only,event,36,0.18939106483392898,-0.07771341019897093,-0.015374749776665197
japanese_only,event,37,0.05780667829617229,0.10385211250343307,0.03773583286619705
japanese_only,event,39,0.08474763961248459,-0.13076228061011008,-0.07965510764320666
japanese_only,event,40,0.03403564976203703,-0.03504797389138936,-0.01561897606681538
japanese_only,event,41,0.10465386631791969,0.08002509397204527,-0.1590179898405189
japanese_only,event,42,0.066220565303589,0.1418075757834023,-0.04648549487752958
japanese_only,event,44,0.052541550166537394,0.152006178966678,0.0664198628646592
japanese_only,event,45,0.11281751961032699,-0.1508442312042666,0.10665398402766905
japanese_only,event,46,0.0412187138854269,-0.045304841137699725,0.055555799433620615
japanese_only,event,47,0.13828622930967274,-0.024170727879750054,0.18322852652674787
foreign_only,event,05,0.32531397768258485,-0.20677168245447675,0.04827935270767941
foreign_only,event,06,0.4160808443952787,-0.23722270573729176,0.27934798330491595
foreign_only,event,08,0.18703203782487943,0.5090824630717936,-0.16017364450058497
foreign_only,event,09,0.1960453115878029,-0.1596777125393265,-0.36910136962233153
foreign_only,event,10,0.2103969653839026,-0.026470966796682482,-0.01465185916574695
foreign_only,event,11,0.1803491978250509,-0.34436419390113127,-0.17136232950542593
foreign_only,event,12,0.09402610068813083,-0.033890829535399014,-0.20319320511437922
foreign_only,event,13,0.8640943987686742,0.7436242995877516,0.45464615519068885
foreign_only,event,14,0.07935539891543421,0.030856267907659607,0.005457553480670433
foreign_only,event,18,0.2767866574984745,-0.046034621699392986,-0.2869176625271509
foreign_only,event,19,0.2543784404827848,0.1230413822226577,-0.14788423168221274
foreign_only,event,21,0.2424939080525352,0.14129091919525116,0.09079727714047792
foreign_only,event,22,0.12605711042929044,0.41362585909416705,0.25703283864976284
foreign_only,event,23,0.06011566146316835,0.05133099044494571,-0.05107290595682418
foreign_only,event,24,0.19502096764550023,0.2003179550803198,-0.1384920078771411
foreign_only,event,25,0.2132739309339802,0.5621325400499106,-0.3927538232939336
foreign_only,event,26,0.2127382229271123,-0.03933671138146089,0.2219790432885939
foreign_only,event,27,0.08112552900042115,0.059610470879364996,0.18611157806546058
foreign_only,event,28,0.08541850663171446,0.04247670646362334,-0.3927922607032903
foreign_only,event,29,0.238803437637281,0.11333798980812393,0.15243908309446744
foreign_only,event,30,0.16916799013568873,0.06403151678631502,-0.2518108104000558
foreign_only,event,31,0.1644375751903978,0.11070912318803572,-0.06691507531136864
foreign_only,event,32,0.5488161623867535,-0.34099873255685464,-0.027036609722431878
foreign_only,event,35,0.18247689693039312,0.23128023913009166,-0.444345428439621
foreign_only,event,36,0.49886459726307003,-0.22121002269317547,0.1327139579131811
foreign_only,event,37,0.34372541337142865,0.02361675640733729,0.7831928987798185
foreign_only,event,39,0.5194850310468412,-0.03143904568066169,-0.21205969744698225
foreign_only,event,40,0.11176992260915311,0.020520673104322817,0.13785471156275078
foreign_only,event,41,0.24476601663678818,0.15275031430415975,0.4643642566808584
foreign_only,event,42,0.1271009791786433,0.01283563571873092,-0.31228067828514283
foreign_only,event,44,0.18839339566654129,0.1013141576577814,0.11143228542390536
foreign_only,event,45,0.3452165466512685,-0.36744893728746764,-0.4126101555102757
foreign_only,event,46,0.14472369700350235,-0.035912003497180045,0.14703804095242884
foreign_only,event,47,0.24268734130247913,-0.07441628066162931,0.22969131393813222
primary_hagibis_recovery,recovery,05,0.11255091497731647,-0.29088880073171275,-0.0561616751998332
primary_hagibis_recovery,recovery,06,0.08942036129297161,-0.05349624401484743,-0.16577042812867293
primary_hagibis_recovery,recovery,08,0.056395357479537216,-0.0004915981934150437,0.01442619449003544
primary_hagibis_recovery,recovery,09,0.07567404434918246,0.005362398781072919,-0.13038071869891069
primary_hagibis_recovery,recovery,10,0.041895929399875624,-0.10408281331096436,-0.06761844523446198
primary_hagibis_recovery,recovery,11,0.04458682696551555,-0.000229452792224194,0.1916593387141883
primary_hagibis_recovery,recovery,12,0.04568096644773207,0.041218016458895335,0.09919727757008301
primary_hagibis_recovery,recovery,13,0.7348387296583477,0.6784382635691966,0.503039644422134
primary_hagibis_recovery,recovery,14,0.03609060791770332,0.0076380265258988445,-0.07640978283056553
primary_hagibis_recovery,recovery,18,0.09988154159483897,-0.04431708817732094,0.033930279797231275
primary_hagibis_recovery,recovery,19,0.15431999152639864,0.023772815700004557,0.15214047580226872
primary_hagibis_recovery,recovery,21,0.05213749705218891,0.06695976281944116,0.035373052232452566
primary_hagibis_recovery,recovery,22,0.08439828277408618,-0.045154335216980535,-0.14233543672371984
primary_hagibis_recovery,recovery,23,0.03583104417970593,0.04788953694331699,-0.030935300169025126
primary_hagibis_recovery,recovery,24,0.06788346532068898,-0.017892182950890678,-0.10757874149124344
primary_hagibis_recovery,recovery,25,0.05664949169977715,0.14816038655686636,-0.0558125433514536
primary_hagibis_recovery,recovery,26,0.11270750413521427,-0.09895424149629495,0.07636568887443303
primary_hagibis_recovery,recovery,27,0.058023436049408135,0.05941124471893211,0.2608374423973557
primary_hagibis_recovery,recovery,28,0.036809596687387626,-0.007151162605198991,-0.11139247886137421
primary_hagibis_recovery,recovery,29,0.2222059366322279,-0.0034474601435210417,0.04579757621286981
primary_hagibis_recovery,recovery,30,0.07230376321938077,0.008392777555011222,0.04566784437320973
primary_hagibis_recovery,recovery,31,0.08796465584304479,-0.16655345879999484,-0.08290306232679587
primary_hagibis_recovery,recovery,32,0.07333003554366535,0.14965175376916484,0.017043269861278312
primary_hagibis_recovery,recovery,35,0.04125351751852626,0.00910759135487993,-0.22421837123828375
primary_hagibis_recovery,recovery,36,0.18848887104692827,-0.1322023657711222,-0.14278439127733655
primary_hagibis_recovery,recovery,37,0.05508987534633908,0.11240189882606622,0.10641426119595473
primary_hagibis_recovery,recovery,39,0.09144735527235216,-0.15996090157393628,-0.15320487041789443
primary_hagibis_recovery,recovery,40,0.037965058931289535,-0.05630868135797318,0.03843047906633873
primary_hagibis_recovery,recovery,41,0.10287535419817004,0.0941327183056675,-0.06510097468278793
primary_hagibis_recovery,recovery,42,0.06179463512882993,0.13896474960260008,-0.09472045707449143
primary_hagibis_recovery,recovery,44,0.06037724323491077,0.14484019385411084,0.08740666854412976
primary_hagibis_recovery,recovery,45,0.11084304929591292,-0.1612794562668034,0.035722371980297464
primary_hagibis_recovery,recovery,46,0.039484850166011234,-0.068210450203809,0.04401426938656883
primary_hagibis_recovery,recovery,47,0.140632414561094,-0.035506816403191976,0.2579600778560949
pre_50_months_hagibis_recovery,recovery,05,0.15576194258359818,-0.3321642515181189,-0.10125520147200252
pre_50_months_hagibis_recovery,recovery,06,0.0835523473581932,-0.06815138147892341,-0.1674400919740629
pre_50_months_hagibis_recovery,recovery,08,0.07823252167284953,0.014928387313140945,-0.0011318363377180148
pre_50_months_hagibis_recovery,recovery,09,0.07487585927433459,0.015095239941463667,-0.12060915214701809
pre_50_months_hagibis_recovery,recovery,10,0.06366984937863804,-0.08480006191190004,-0.08900392818990135
pre_50_months_hagibis_recovery,recovery,11,0.050130449372670645,0.013054079834778243,0.18749306227788315
pre_50_months_hagibis_recovery,recovery,12,0.10117617917279993,0.08845044361765098,0.0991943618919306
pre_50_months_hagibis_recovery,recovery,13,0.7172472759629088,0.6784382635691966,0.503039644422134
pre_50_months_hagibis_recovery,recovery,14,0.048610884959830895,0.014125050292174812,-0.019835862928540966
pre_50_months_hagibis_recovery,recovery,18,0.10304476139005124,-0.04345556531111949,0.033582158023234755
pre_50_months_hagibis_recovery,recovery,19,0.1659552446900876,0.16797333843911577,0.16789469856395445
pre_50_months_hagibis_recovery,recovery,21,0.05154543016313906,0.09087181871013161,0.10343544126935404
pre_50_months_hagibis_recovery,recovery,22,0.09355634108398457,-0.04897850942666082,-0.1375228681153661
pre_50_months_hagibis_recovery,recovery,23,0.03917147410838461,0.060046859183301216,-0.0393497555394746
pre_50_months_hagibis_recovery,recovery,24,0.07444886396421817,-0.05143731543264085,-0.1971909702533627
pre_50_months_hagibis_recovery,recovery,25,0.07499877846620293,0.12606715940713098,-0.04790694963891592
pre_50_months_hagibis_recovery,recovery,26,0.1107078230395075,-0.09554900006239997,0.07988948297588513
pre_50_months_hagibis_recovery,recovery,27,0.06825016458722825,0.08096909620240922,0.2903846611733603
pre_50_months_hagibis_recovery,recovery,28,0.03949681261281477,-0.02241966658829586,-0.14510781111270177
pre_50_months_hagibis_recovery,recovery,29,0.23684391335519372,0.008358605823496568,0.06555865441886374
pre_50_months_hagibis_recovery,recovery,30,0.09725498444040305,-0.02326782788212789,0.0065962750309963725
pre_50_months_hagibis_recovery,recovery,31,0.09417538427855443,-0.18624052373694422,-0.06529062419277919
pre_50_months_hagibis_recovery,recovery,32,0.07071020574883458,0.12108028670509619,0.008397975155554875
pre_50_months_hagibis_recovery,recovery,35,0.06092974290647768,0.01409020672219441,-0.23799565713254012
pre_50_months_hagibis_recovery,recovery,36,0.19052317314229672,-0.12692527808357834,-0.1409432445064359
pre_50_months_hagibis_recovery,recovery,37,0.061004451707610596,0.09884140897395355,0.09213698651609192
pre_50_months_hagibis_recovery,recovery,39,0.09075799597840732,-0.19239743047357827,-0.15802929456571466
pre_50_months_hagibis_recovery,recovery,40,0.04145131827684438,-0.08646945692705721,-0.014868157512530138
pre_50_months_hagibis_recovery,recovery,41,0.10419017174056154,0.10418730506697216,-0.0564051585565734
pre_50_months_hagibis_recovery,recovery,42,0.06525840682206774,0.11853066044997096,-0.11684793231642192
pre_50_months_hagibis_recovery,recovery,44,0.08119361197742793,0.08589374573189534,0.06773968224041135
pre_50_months_hagibis_recovery,recovery,45,0.11748152194283079,-0.10548668883334766,0.011504428612141737
pre_50_months_hagibis_recovery,recovery,46,0.0475743441744438,-0.07465175642691513,0.044033311174178635
pre_50_months_hagibis_recovery,recovery,47,0.13650670504514095,-0.015140164233452325,0.2794115380580897
strict_donors_hagibis_recovery,recovery,09,0.09249558273323714,-0.018273981313396526,-0.08651164249542351
strict_donors_hagibis_recovery,recovery,10,0.04619990734614135,-0.12276988092257479,-0.09426766558508942
strict_donors_hagibis_recovery,recovery,11,0.048588276555043414,-0.03590620911393483,0.1433387160934763
strict_donors_hagibis_recovery,recovery,13,0.9532985492859116,1.0166778843404884,1.1482465247532725
strict_donors_hagibis_recovery,recovery,14,0.05048714170145092,0.03742678612482031,0.10094353610997314
strict_donors_hagibis_recovery,recovery,18,0.10072250915834474,-0.06892306929333447,0.01116186111505012
strict_donors_hagibis_recovery,recovery,19,0.15432581523989594,0.022373281964372715,0.15783617407175696
strict_donors_hagibis_recovery,recovery,22,0.08838922178380358,-0.05176465178677425,-0.15190821554239267
strict_donors_hagibis_recovery,recovery,23,0.04138067039676964,0.06362111194461217,-0.02675879643617231
strict_donors_hagibis_recovery,recovery,24,0.07440597448059134,-0.006631441804161753,-0.06920110550899257
strict_donors_hagibis_recovery,recovery,25,0.06725827044034853,0.12504158729952053,-0.03387562858817327
strict_donors_hagibis_recovery,recovery,30,0.07270959255219575,-0.021515934688717486,0.019248895065676376
strict_donors_hagibis_recovery,recovery,36,0.2597929969757406,-0.252015558032638,-0.18498025545683763
strict_donors_hagibis_recovery,recovery,37,0.08303063789125847,0.04052737397672779,0.0620388512813229
strict_donors_hagibis_recovery,recovery,40,0.036887122355901934,-0.0612585417952376,0.03705940263577932
strict_donors_hagibis_recovery,recovery,41,0.10441646810476353,0.08752482006107254,-0.06921837786604551
strict_donors_hagibis_recovery,recovery,42,0.06554766103714582,0.1351486473976795,-0.06458139143943707
strict_donors_hagibis_recovery,recovery,45,0.12142812690203816,-0.1513526713800033,0.026810924177559887
strict_donors_hagibis_recovery,recovery,46,0.04338751689656207,-0.06842362334271979,0.04797467394193807
strict_donors_hagibis_recovery,recovery,47,0.14046468513497393,-0.03823837672175756,0.25677039433045695
mask_2018_06_09_hagibis_recovery,recovery,05,0.11255091497731647,-0.29088880073171275,-0.08405242157129177
mask_2018_06_09_hagibis_recovery,recovery,06,0.08942036129297161,-0.05349624401484743,-0.17351009986824623
mask_2018_06_09_hagibis_recovery,recovery,08,0.056395357479537216,-0.0004915981934150437,0.012199252617425545
mask_2018_06_09_hagibis_recovery,recovery,09,0.07567404434918246,0.005362398781072919,-0.14179495755275356
mask_2018_06_09_hagibis_recovery,recovery,10,0.041895929399875624,-0.10408281331096436,-0.06374367600150567
mask_2018_06_09_hagibis_recovery,recovery,11,0.04458682696551555,-0.000229452792224194,0.20044161680078798
mask_2018_06_09_hagibis_recovery,recovery,12,0.04568096644773207,0.041218016458895335,0.09471341744095477
mask_2018_06_09_hagibis_recovery,recovery,13,0.7348387296583477,0.6784382635691966,0.5024360328931936
mask_2018_06_09_hagibis_recovery,recovery,14,0.03609060791770332,0.0076380265258988445,-0.0877311069225506
mask_2018_06_09_hagibis_recovery,recovery,18,0.09988154159483897,-0.04431708817732094,0.011348485427152296
mask_2018_06_09_hagibis_recovery,recovery,19,0.15431999152639864,0.023772815700004557,0.12914413459311713
mask_2018_06_09_hagibis_recovery,recovery,21,0.05213749705218891,0.06695976281944116,0.04661925960152308
mask_2018_06_09_hagibis_recovery,recovery,22,0.08439828277408618,-0.045154335216980535,-0.145414911804716
mask_2018_06_09_hagibis_recovery,recovery,23,0.03583104417970593,0.04788953694331699,-0.036701815142389904
mask_2018_06_09_hagibis_recovery,recovery,24,0.06788346532068898,-0.017892182950890678,-0.1168629321631478
mask_2018_06_09_hagibis_recovery,recovery,25,0.05664949169977715,0.14816038655686636,-0.06418739435660334
mask_2018_06_09_hagibis_recovery,recovery,26,0.11270750413521427,-0.09895424149629495,0.11500203788883798
mask_2018_06_09_hagibis_recovery,recovery,27,0.058023436049408135,0.05941124471893211,0.2693238127176874
mask_2018_06_09_hagibis_recovery,recovery,28,0.036809596687387626,-0.007151162605198991,-0.11172186319872152
mask_2018_06_09_hagibis_recovery,recovery,29,0.2222059366322279,-0.0034474601435210417,0.03743150758791176
mask_2018_06_09_hagibis_recovery,recovery,30,0.07230376321938077,0.008392777555011222,0.05554338191489502
mask_2018_06_09_hagibis_recovery,recovery,31,0.08796465584304479,-0.16655345879999484,-0.13330920006863223
mask_2018_06_09_hagibis_recovery,recovery,32,0.07333003554366535,0.14965175376916484,0.053798485934731445
mask_2018_06_09_hagibis_recovery,recovery,35,0.04125351751852626,0.00910759135487993,-0.24313739314705998
mask_2018_06_09_hagibis_recovery,recovery,36,0.18848887104692827,-0.1322023657711222,-0.14028906987355882
mask_2018_06_09_hagibis_recovery,recovery,37,0.05508987534633908,0.11240189882606622,0.1184785322552774
mask_2018_06_09_hagibis_recovery,recovery,39,0.09144735527235216,-0.15996090157393628,-0.15955429328512824
mask_2018_06_09_hagibis_recovery,recovery,40,0.037965058931289535,-0.05630868135797318,0.050268150889044974
mask_2018_06_09_hagibis_recovery,recovery,41,0.10287535419817004,0.0941327183056675,-0.051819628207173556
mask_2018_06_09_hagibis_recovery,recovery,42,0.06179463512882993,0.13896474960260008,-0.09719126154512392
mask_2018_06_09_hagibis_recovery,recovery,44,0.06037724323491077,0.14484019385411084,0.09145519734164989
mask_2018_06_09_hagibis_recovery,recovery,45,0.11084304929591292,-0.1612794562668034,0.0373248431462212
mask_2018_06_09_hagibis_recovery,recovery,46,0.039484850166011234,-0.068210450203809,0.03378908042243576
mask_2018_06_09_hagibis_recovery,recovery,47,0.140632414561094,-0.035506816403191976,0.2573868784449696
japanese_only_hagibis_recovery,recovery,05,0.11028808229209446,-0.27288486167203096,-0.011978410854860146
japanese_only_hagibis_recovery,recovery,06,0.08544219891434177,-0.015311873062661796,-0.10667386175911563
japanese_only_hagibis_recovery,recovery,08,0.05795046463922978,-0.006864617332736245,0.016174187117032616
japanese_only_hagibis_recovery,recovery,09,0.07180607908074592,0.045515414145071986,-0.04304265207376858
japanese_only_hagibis_recovery,recovery,10,0.04104693898217675,-0.08008770475107774,-0.04352821955645579
japanese_only_hagibis_recovery,recovery,11,0.04605007468074006,0.021099108703360514,0.24806627666757572
japanese_only_hagibis_recovery,recovery,12,0.044251453594542065,0.032399439214872316,0.08741616576863509
japanese_only_hagibis_recovery,recovery,13,0.7114594251291326,0.6520791116264242,0.5387081370415202
japanese_only_hagibis_recovery,recovery,14,0.02907948808176435,0.04113722786223928,-0.012371371552490441
japanese_only_hagibis_recovery,recovery,18,0.09852560458468564,-0.024127096855127483,0.08419580321013369
japanese_only_hagibis_recovery,recovery,19,0.15922318993716567,0.009298781020696367,0.04834037664288106
japanese_only_hagibis_recovery,recovery,21,0.04813710368792523,0.025195270450267593,-0.008245220955031198
japanese_only_hagibis_recovery,recovery,22,0.08000004005186527,-0.0199420675002715,-0.10636577826631777
japanese_only_hagibis_recovery,recovery,23,0.04091351014394764,0.05074445615989287,0.011720106664660316
japanese_only_hagibis_recovery,recovery,24,0.06592166252289869,-0.006468836974951486,-0.07606012969913542
japanese_only_hagibis_recovery,recovery,25,0.05901913443420311,0.12172838851307777,-0.009907094151854
japanese_only_hagibis_recovery,recovery,26,0.12258098480152849,-0.1250819866769648,0.012449247469462304
japanese_only_hagibis_recovery,recovery,27,0.04333584357422138,-0.016369377059519685,0.08662212667031109
japanese_only_hagibis_recovery,recovery,28,0.03644032459734015,-0.008135410198299553,-0.06748216777635006
japanese_only_hagibis_recovery,recovery,29,0.24847737369340825,-0.09205615389711674,-0.09625994726491391
japanese_only_hagibis_recovery,recovery,30,0.07486363079935547,-0.029865900068706708,0.032949141929414595
japanese_only_hagibis_recovery,recovery,31,0.09016904258295008,-0.172627383256045,-0.07003413367743885
japanese_only_hagibis_recovery,recovery,32,0.07592764692678264,0.1685047503317918,0.04874243097001156
japanese_only_hagibis_recovery,recovery,35,0.04076536195800127,0.024940646637480413,-0.18139485021187662
japanese_only_hagibis_recovery,recovery,36,0.18939106483392898,-0.07771341019897093,-0.02078634572398115
japanese_only_hagibis_recovery,recovery,37,0.05780667829617229,0.10385211250343307,0.02892193029025989
japanese_only_hagibis_recovery,recovery,39,0.08474763961248459,-0.13076228061011008,-0.06790187784294004
japanese_only_hagibis_recovery,recovery,40,0.03403564976203703,-0.03504797389138936,-0.02375684781300681
japanese_only_hagibis_recovery,recovery,41,0.10465386631791969,0.08002509397204527,-0.15149507014801997
japanese_only_hagibis_recovery,recovery,42,0.066220565303589,0.1418075757834023,-0.04370953872916552
japanese_only_hagibis_recovery,recovery,44,0.052541550166537394,0.152006178966678,0.058937098839204574
japanese_only_hagibis_recovery,recovery,45,0.11281751961032699,-0.1508442312042666,0.10462066063466495
japanese_only_hagibis_recovery,recovery,46,0.0412187138854269,-0.045304841137699725,0.06433745717705837
japanese_only_hagibis_recovery,recovery,47,0.13828622930967274,-0.024170727879750054,0.18739890686254895
foreign_only_hagibis_recovery,recovery,05,0.32531397768258485,-0.20677168245447675,0.05181327399882531
foreign_only_hagibis_recovery,recovery,06,0.4160808443952787,-0.23722270573729176,0.21981108602691923
foreign_only_hagibis_recovery,recovery,08,0.18703203782487943,0.5090824630717936,-0.14050990043977465
foreign_only_hagibis_recovery,recovery,09,0.1960453115878029,-0.1596777125393265,-0.3994252983977933
foreign_only_hagibis_recovery,recovery,10,0.2103969653839026,-0.026470966796682482,-0.007377869624993359
foreign_only_hagibis_recovery,recovery,11,0.1803491978250509,-0.34436419390113127,-0.16743949810433575
foreign_only_hagibis_recovery,recovery,12,0.09402610068813083,-0.033890829535399014,-0.20220222364721896
foreign_only_hagibis_recovery,recovery,13,0.8640943987686742,0.7436242995877516,0.4449658671944307
foreign_only_hagibis_recovery,recovery,14,0.07935539891543421,0.030856267907659607,0.005733883827864396
foreign_only_hagibis_recovery,recovery,18,0.2767866574984745,-0.046034621699392986,-0.29983493617757034
foreign_only_hagibis_recovery,recovery,19,0.2543784404827848,0.1230413822226577,-0.14307475943807546
foreign_only_hagibis_recovery,recovery,21,0.2424939080525352,0.14129091919525116,0.09087474513423761
foreign_only_hagibis_recovery,recovery,22,0.12605711042929044,0.41362585909416705,0.2552292058331941
foreign_only_hagibis_recovery,recovery,23,0.06011566146316835,0.05133099044494571,-0.05243453260723911
foreign_only_hagibis_recovery,recovery,24,0.19502096764550023,0.2003179550803198,-0.12602158558037307
foreign_only_hagibis_recovery,recovery,25,0.2132739309339802,0.5621325400499106,-0.3881967999897078
foreign_only_hagibis_recovery,recovery,26,0.2127382229271123,-0.03933671138146089,0.2031374565858962
foreign_only_hagibis_recovery,recovery,27,0.08112552900042115,0.059610470879364996,0.19115283744523787
foreign_only_hagibis_recovery,recovery,28,0.08541850663171446,0.04247670646362334,-0.3838459997278626
foreign_only_hagibis_recovery,recovery,29,0.238803437637281,0.11333798980812393,0.18478452833252237
foreign_only_hagibis_recovery,recovery,30,0.16916799013568873,0.06403151678631502,-0.2512233390779003
foreign_only_hagibis_recovery,recovery,31,0.1644375751903978,0.11070912318803572,-0.06088859484760933
foreign_only_hagibis_recovery,recovery,32,0.5488161623867535,-0.34099873255685464,-0.014806754884497696
foreign_only_hagibis_recovery,recovery,35,0.18247689693039312,0.23128023913009166,-0.39913337207995914
foreign_only_hagibis_recovery,recovery,36,0.49886459726307003,-0.22121002269317547,0.12270942927150738
foreign_only_hagibis_recovery,recovery,37,0.34372541337142865,0.02361675640733729,0.7835578520186948
foreign_only_hagibis_recovery,recovery,39,0.5194850310468412,-0.03143904568066169,-0.20423714768878543
foreign_only_hagibis_recovery,recovery,40,0.11176992260915311,0.020520673104322817,0.15228671559109255
foreign_only_hagibis_recovery,recovery,41,0.24476601663678818,0.15275031430415975,0.49048901298949943
foreign_only_hagibis_recovery,recovery,42,0.1271009791786433,0.01283563571873092,-0.27496402276539633
foreign_only_hagibis_recovery,recovery,44,0.18839339566654129,0.1013141576577814,0.15045204955349487
foreign_only_hagibis_recovery,recovery,45,0.3452165466512685,-0.36744893728746764,-0.42875580262213664
foreign_only_hagibis_recovery,recovery,46,0.14472369700350235,-0.035912003497180045,0.1332053445488909
foreign_only_hagibis_recovery,recovery,47,0.24268734130247913,-0.07441628066162931,0.24223020278692736
