target_code,target,ym,actual_log,synthetic_log,gap_log
17,Ishikawa,201101,13.102670744058592,13.116206999074794,-0.013536255016202148
17,Ishikawa,201102,13.160891543109669,13.161468441603514,-0.0005768984938452348
17,Ishikawa,201103,13.149628288552341,13.021124264632284,0.12850402392005655
17,Ishikawa,201104,13.000737969280467,12.953639821606604,0.047098147673862556
17,Ishikawa,201105,13.270593709363371,13.254734063450888,0.015859645912483344
17,Ishikawa,201106,13.149550437248292,13.134957739607204,0.014592697641088392
17,Ishikawa,201107,13.187158115715476,13.364795957086649,-0.17763784137117256
17,Ishikawa,201108,13.585140961558325,13.686606143980564,-0.10146518242223834
17,Ishikawa,201109,13.316629973966153,13.340598730385151,-0.023968756418998538
17,Ishikawa,201110,13.461945060396866,13.409438435394861,0.05250662500200498
17,Ishikawa,201111,13.460206103047726,13.31959750802109,0.14060859502663625
17,Ishikawa,201112,13.26819382561587,13.17737135823943,0.09082246737643906
17,Ishikawa,201201,13.149219501573327,13.097302498421913,0.051917003151414676
17,Ishikawa,201202,13.177608851630307,13.12677159556079,0.05083725606951717
17,Ishikawa,201203,13.312123863295282,13.319681751689368,-0.007557888394085666
17,Ishikawa,201204,13.192486276835801,13.204167173447605,-0.011680896611803604
17,Ishikawa,201205,13.32801075950178,13.336082365181305,-0.008071605679525362
17,Ishikawa,201206,13.198416599189729,13.157346958495538,0.04106964069419128
17,Ishikawa,201207,13.33298080335313,13.322804539360952,0.010176263992178747
17,Ishikawa,201208,13.666151712273077,13.678688616443083,-0.012536904170005414
17,Ishikawa,201209,13.344594512593515,13.281448272486875,0.06314624010664005
17,Ishikawa,201210,13.355267142490698,13.370711529225318,-0.015444386734619897
17,Ishikawa,201211,13.381645975334411,13.36424008030757,0.01740589502684209
17,Ishikawa,201212,13.171648657079086,13.191261619331144,-0.019612962252057997
17,Ishikawa,201301,13.143224268071657,13.141819771596833,0.001404496474824768
17,Ishikawa,201302,13.250457514911805,13.19990017907989,0.050557335831914685
17,Ishikawa,201303,13.409990448343555,13.371367600259475,0.038622848084079564
17,Ishikawa,201304,13.212332043966104,13.243843516621352,-0.03151147265524834
17,Ishikawa,201305,13.333207601131484,13.366075663814684,-0.03286806268319964
17,Ishikawa,201306,13.173778664350484,13.209724780801292,-0.03594611645080725
17,Ishikawa,201307,13.328531660672564,13.375523077654297,-0.046991416981732925
17,Ishikawa,201308,13.686198821483934,13.712859574279566,-0.026660752795631737
17,Ishikawa,201309,13.35605905865233,13.332042212152098,0.02401684650023128
17,Ishikawa,201310,13.390357915936434,13.386972466308281,0.0033854496281531254
17,Ishikawa,201311,13.426873067962369,13.416010382362435,0.010862685599933641
17,Ishikawa,201312,13.230607730801967,13.255522636196675,-0.02491490539470753
17,Ishikawa,201401,13.108122455113987,13.151345319097778,-0.04322286398379127
17,Ishikawa,201402,13.113927898583228,13.12470994032812,-0.010782041744892723
17,Ishikawa,201403,13.334017173559568,13.36681844871618,-0.032801275156611354
17,Ishikawa,201404,13.210136131139775,13.231225075997145,-0.021088944857369896
17,Ishikawa,201405,13.392726336085643,13.402679393552347,-0.009953057466704607
17,Ishikawa,201406,13.21094185917692,13.240002834161682,-0.029060974984762566
17,Ishikawa,201407,13.290974710465031,13.361852778249414,-0.07087806778438299
17,Ishikawa,201408,13.754315773636081,13.691398589607466,0.06291718402861513
17,Ishikawa,201409,13.303000182467414,13.345578502051309,-0.04257831958389424
17,Ishikawa,201410,13.546493210741648,13.405920703631216,0.14057250711043245
17,Ishikawa,201411,13.470495938865248,13.424757994430529,0.04573794443471968
17,Ishikawa,201412,13.27999940491616,13.267367879933515,0.012631524982644748
17,Ishikawa,201501,13.152776183812524,13.21441620734169,-0.061640023529166754
17,Ishikawa,201502,13.235977736188493,13.251286601430662,-0.015308865242168679
17,Ishikawa,201503,13.476408867356957,13.413742793302891,0.0626660740540661
17,Ishikawa,201504,13.385911556153268,13.25410241308873,0.13180914306453673
17,Ishikawa,201505,13.517010178076614,13.458218466028871,0.058791712047742806
17,Ishikawa,201506,13.43247697152059,13.248626537520197,0.18385043400039258
17,Ishikawa,201507,13.543071714925187,13.440930769556765,0.10214094536842211
17,Ishikawa,201508,13.798272838477939,13.732903604784536,0.06536923369340286
17,Ishikawa,201509,13.60014914709212,13.456490663400402,0.14365848369171808
17,Ishikawa,201510,13.63318500116232,13.495897328673268,0.13728767248905172
17,Ishikawa,201511,13.591541666150276,13.416082467444898,0.17545919870537752
17,Ishikawa,201512,13.435245250877852,13.309732246617827,0.12551300426002499
17,Ishikawa,201601,13.291701006639988,13.187261148929897,0.10443985771009068
17,Ishikawa,201602,13.395728448961316,13.237541893938413,0.1581865550229029
17,Ishikawa,201603,13.521716512064742,13.395978725887195,0.12573778617754705
17,Ishikawa,201604,13.444591793608692,13.24262829565859,0.2019634979501017
17,Ishikawa,201605,13.535373285129944,13.339891735041755,0.19548155008818924
17,Ishikawa,201606,13.37248375976272,13.200555921449563,0.17192783831315595
17,Ishikawa,201607,13.46950704267526,13.411876975481881,0.057630067193379375
17,Ishikawa,201608,13.78705964179026,13.682409998963589,0.10464964282667033
17,Ishikawa,201609,13.49343025879004,13.356741389367977,0.1366888694220627
17,Ishikawa,201610,13.590264798558195,13.432470086806287,0.15779471175190807
17,Ishikawa,201611,13.559675928951613,13.35209133085445,0.20758459809716356
17,Ishikawa,201612,13.364603424409527,13.297160589419782,0.06744283498974468
17,Ishikawa,201701,13.302733030473037,13.194958501790074,0.10777452868296322
17,Ishikawa,201702,13.3305638347407,13.23207557550978,0.09848825923091908
17,Ishikawa,201703,13.570491983424102,13.438164158246714,0.13232782517738784
17,Ishikawa,201704,13.478498175490552,13.301348205257227,0.1771499702333248
17,Ishikawa,201705,13.583124425283131,13.433729078248389,0.14939534703474244
17,Ishikawa,201706,13.384373733099652,13.246200154970566,0.13817357812908604
17,Ishikawa,201707,13.475130696512045,13.431641357778439,0.04348933873360572
17,Ishikawa,201708,13.762753034221202,13.709580752055057,0.05317228216614467
17,Ishikawa,201709,13.430318554695665,13.38484722012611,0.04547133456955521
17,Ishikawa,201710,13.598398778881783,13.438534895345544,0.15986388353623937
17,Ishikawa,201711,13.598647244607214,13.398257820535228,0.2003894240719859
17,Ishikawa,201712,13.35790969543558,13.29862000213424,0.05928969330134137
17,Ishikawa,201801,13.273263064189944,13.237920596920544,0.035342467269400046
17,Ishikawa,201802,13.31944217517319,13.280226263051738,0.03921591212145259
17,Ishikawa,201803,13.601661181686021,13.428161470734853,0.17349971095116778
17,Ishikawa,201804,13.52897449525907,13.337140384376085,0.19183411088298463
17,Ishikawa,201805,13.515188941966029,13.440955535535425,0.07423340643060428
17,Ishikawa,201806,13.460890643861678,13.303781710816445,0.1571089330452331
17,Ishikawa,201807,13.48023360670481,13.45103675387034,0.0291968528344686
17,Ishikawa,201808,13.832475830440293,13.748266495341818,0.08420933509847472
17,Ishikawa,201809,13.551492927440092,13.438003691718095,0.11348923572199787
17,Ishikawa,201810,13.670958662056286,13.479174071911272,0.19178459014501392
17,Ishikawa,201811,13.679060624826375,13.454846652941672,0.22421397188470316
17,Ishikawa,201812,13.461745661441627,13.37669775330338,0.0850479081382467
17,Ishikawa,201901,13.320722311895908,13.283995311618716,0.036727000277192445
17,Ishikawa,201902,13.374055512122954,13.346913787326812,0.02714172479614163
17,Ishikawa,201903,13.616876675678014,13.496621052060108,0.12025562361790598
17,Ishikawa,201904,13.560927937814684,13.461743141593367,0.09918479622131748
17,Ishikawa,201905,13.635210955641954,13.531339762477781,0.10387119316417248
17,Ishikawa,201906,13.406428918081568,13.335891102735768,0.07053781534579961
17,Ishikawa,201907,13.514310866111407,13.496150036627304,0.018160829484102692
17,Ishikawa,201908,13.824668495749039,13.7582025659969,0.06646592975213927
17,Ishikawa,201909,13.570351432592384,13.447712375676552,0.12263905691583155
17,Ishikawa,201910,13.585266860159757,13.47629787002382,0.10896899013593675
17,Ishikawa,201911,13.634719828855491,13.485569495834199,0.14915033302129288
17,Ishikawa,201912,13.44853993783325,13.363212741936929,0.08532719589632087
16,Toyama,201101,12.191923009925732,12.291590081969444,-0.09966707204371161
16,Toyama,201102,12.302836313962482,12.383774411241836,-0.08093809727935408
16,Toyama,201103,12.249563076604701,12.241886452144154,0.007676624460547288
16,Toyama,201104,12.275925147429007,12.29578651824838,-0.019861370819374002
16,Toyama,201105,12.532819168926933,12.619172477695159,-0.086353308768226
16,Toyama,201106,12.379857871301843,12.518109755251269,-0.138251883949426
16,Toyama,201107,12.657403009510288,12.811234894038368,-0.1538318845280795
16,Toyama,201108,13.049685151906344,13.197115044437219,-0.1474298925308748
16,Toyama,201109,12.777249912680906,12.744411025852036,0.03283888682886982
16,Toyama,201110,12.865094111360744,12.840348386669534,0.024745724691209503
16,Toyama,201111,12.656064875688415,12.68650369287594,-0.030438817187524947
16,Toyama,201112,12.489633738397652,12.490667777460887,-0.0010340390632350704
16,Toyama,201201,12.263303278984445,12.273559231705331,-0.010255952720886086
16,Toyama,201202,12.287376096594208,12.25851958646674,0.028856510127468482
16,Toyama,201203,12.34657344531774,12.496500558741857,-0.14992711342411802
16,Toyama,201204,12.39982857994979,12.419252734070993,-0.01942415412120191
16,Toyama,201205,12.593679235337024,12.621241920654306,-0.027562685317281677
16,Toyama,201206,12.386517442311268,12.471108366348057,-0.0845909240367888
16,Toyama,201207,12.765802712649768,12.625071729280606,0.14073098336916168
16,Toyama,201208,13.208889636743416,13.050418119905732,0.15847151683768423
16,Toyama,201209,12.778266144243311,12.59731136522982,0.18095477901349177
16,Toyama,201210,12.859204797551882,12.666747061996398,0.19245773555548418
16,Toyama,201211,12.64352079949139,12.616749943932435,0.02677085555895431
16,Toyama,201212,12.385682194820655,12.357032230764911,0.028649964055743382
16,Toyama,201301,12.265708543426047,12.290754244123939,-0.02504570069789125
16,Toyama,201302,12.377796578688848,12.33235504903511,0.045441529653738044
16,Toyama,201303,12.431932504338612,12.494748999533781,-0.06281649519516996
16,Toyama,201304,12.495116290621088,12.507813510512191,-0.012697219891103728
16,Toyama,201305,12.680535069559857,12.731698146347743,-0.05116307678788523
16,Toyama,201306,12.526306609275677,12.591760427517842,-0.06545381824216534
16,Toyama,201307,12.773032825839735,12.744056924460466,0.028975901379268976
16,Toyama,201308,13.115358903251446,13.098821268049294,0.01653763520215179
16,Toyama,201309,12.854745335988289,12.731974961480804,0.12277037450748551
16,Toyama,201310,12.894835227772296,12.811251192978693,0.08358403479360277
16,Toyama,201311,12.762368643340922,12.764358419413849,-0.00198977607292683
16,Toyama,201312,12.53609555847148,12.513049022717578,0.023046535753902475
16,Toyama,201401,12.242452789622924,12.344780118338981,-0.10232732871605776
16,Toyama,201402,12.266885484926686,12.268191806705227,-0.0013063217785411751
16,Toyama,201403,12.481277196470842,12.531335717842643,-0.05005852137180078
16,Toyama,201404,12.439562488898527,12.497195192529482,-0.057632703630954296
16,Toyama,201405,12.636067751381615,12.737533161520155,-0.10146541013853927
16,Toyama,201406,12.422473515976991,12.585472016881436,-0.162998500904445
16,Toyama,201407,12.60826573976792,12.668590837107399,-0.06032509733947933
16,Toyama,201408,12.973120633929653,13.02262167614552,-0.04950104221586571
16,Toyama,201409,12.718986088284511,12.669240791806013,0.049745296478498346
16,Toyama,201410,12.781899183513577,12.747543833853234,0.03435534966034304
16,Toyama,201411,12.658166854232341,12.69952017663697,-0.0413533224046283
16,Toyama,201412,12.482643213227236,12.452732508220574,0.02991070500666204
16,Toyama,201501,12.28043772748548,12.361726916627036,-0.0812891891415557
16,Toyama,201502,12.324921779368555,12.365796105651512,-0.04087432628295673
16,Toyama,201503,12.494254593023605,12.548418439853643,-0.054163846830038054
16,Toyama,201504,12.636262886025138,12.424895755405169,0.21136713061996915
16,Toyama,201505,12.826676014614407,12.696324819681937,0.13035119493246938
16,Toyama,201506,12.577843077114242,12.4983774465907,0.07946563052354172
16,Toyama,201507,12.797491594582766,12.658121473074301,0.13937012150846506
16,Toyama,201508,13.193306346214895,13.021886851062819,0.171419495152076
16,Toyama,201509,12.913886739133515,12.675988723147501,0.2378980159860138
16,Toyama,201510,12.924302606457582,12.754920846090632,0.1693817603669494
16,Toyama,201511,12.743267524316233,12.619650915158164,0.12361660915806816
16,Toyama,201512,12.458697326166552,12.380742827367056,0.07795449879949601
16,Toyama,201601,12.241681072997542,12.29852969579249,-0.05684862279494851
16,Toyama,201602,12.343527580984022,12.330990681975745,0.012536899008276592
16,Toyama,201603,12.416617161267869,12.57408597390101,-0.15746881263314094
16,Toyama,201604,12.543365973535003,12.511820968234627,0.031545005300376516
16,Toyama,201605,12.699457051676221,12.645960326999328,0.05349672467689359
16,Toyama,201606,12.371798925974433,12.51422499348423,-0.14242606750979725
16,Toyama,201607,12.608499810424886,12.727621117887354,-0.11912130746246774
16,Toyama,201608,13.04158706737704,13.036403183578864,0.005183883798176581
16,Toyama,201609,12.603639981511197,12.663772266151664,-0.06013228464046705
16,Toyama,201610,12.750516780919789,12.665434827723358,0.08508195319643086
16,Toyama,201611,12.451603715722012,12.559023485907822,-0.10741977018581039
16,Toyama,201612,12.313670656128192,12.38972258478031,-0.0760519286521184
16,Toyama,201701,12.31832932787584,12.288893676337066,0.029435651538774366
16,Toyama,201702,12.39619701438715,12.274154399196924,0.1220426151902263
16,Toyama,201703,12.494779193028142,12.546753523855713,-0.05197433082757108
16,Toyama,201704,12.642681060407098,12.462105256396914,0.18057580401018392
16,Toyama,201705,12.829306888615093,12.677368810214354,0.15193807840073958
16,Toyama,201706,12.602429734607611,12.509396056213834,0.09303367839377685
16,Toyama,201707,12.729350418485403,12.682771187458702,0.04657923102670125
16,Toyama,201708,13.096224719794634,12.995448226690488,0.10077649310414571
16,Toyama,201709,12.80014506914888,12.630927816183249,0.1692172529656304
16,Toyama,201710,12.884461455114574,12.699111269621023,0.18535018549355087
16,Toyama,201711,12.726531718264402,12.626762788744305,0.09976892952009742
16,Toyama,201712,12.489671392544318,12.416664908460621,0.07300648408369703
16,Toyama,201801,12.344790564841997,12.334861559227583,0.009929005614413455
16,Toyama,201802,12.387935763923968,12.397160029071081,-0.009224265147112831
16,Toyama,201803,12.498592994622204,12.545073691609435,-0.04648069698723134
16,Toyama,201804,12.628394870704762,12.585571073217052,0.042823797487709925
16,Toyama,201805,12.763486009910396,12.74402907289024,0.019456937020155607
16,Toyama,201806,12.503989661794359,12.610970605365994,-0.10698094357163512
16,Toyama,201807,12.722064899247524,12.719221959908484,0.002842939339039674
16,Toyama,201808,13.085574903956493,13.122316455973296,-0.03674155201680307
16,Toyama,201809,12.781702380161661,12.76702728858384,0.01467509157782132
16,Toyama,201810,12.770960227394696,12.819165037393054,-0.0482048099983583
16,Toyama,201811,12.721079515689388,12.76609230226853,-0.04501278657914298
16,Toyama,201812,12.467667383218636,12.588046331644133,-0.1203789484254969
16,Toyama,201901,12.25176277144729,12.305572213180183,-0.05380944173289315
16,Toyama,201902,12.361023005527997,12.329518962762469,0.031504042765527984
16,Toyama,201903,12.468821451436742,12.534628037441399,-0.06580658600465661
16,Toyama,201904,12.762253971016962,12.619923358924776,0.14233061209218612
16,Toyama,201905,12.872105533598548,12.786613119888894,0.08549241370965355
16,Toyama,201906,12.5380347266735,12.58492216694116,-0.04688744026766045
16,Toyama,201907,12.698388006537067,12.670406102527473,0.02798190400959477
16,Toyama,201908,13.03206660942317,12.952851845341675,0.0792147640814953
16,Toyama,201909,12.785154869802147,12.652566274376813,0.13258859542533408
16,Toyama,201910,12.768883324362116,12.66753641040776,0.10134691395435702
16,Toyama,201911,12.712076664016948,12.680348926369275,0.03172773764767278
16,Toyama,201912,12.48484010059238,12.453756009370046,0.031084091222334465
