anchor_series,ym,year,month,value,unit,same_month_2014_index
kanazawa_lodging_guests,201401,2014,1,176459,persons,100.0
kanazawa_lodging_guests,201402,2014,2,182820,persons,100.0
kanazawa_lodging_guests,201403,2014,3,228061,persons,100.0
kanazawa_lodging_guests,201404,2014,4,230131,persons,100.0
kanazawa_lodging_guests,201405,2014,5,250937,persons,100.0
kanazawa_lodging_guests,201406,2014,6,200665,persons,100.0
kanazawa_lodging_guests,201407,2014,7,208997,persons,100.0
kanazawa_lodging_guests,201408,2014,8,274973,persons,100.0
kanazawa_lodging_guests,201409,2014,9,234103,persons,100.0
kanazawa_lodging_guests,201410,2014,10,234305,persons,100.0
kanazawa_lodging_guests,201411,2014,11,237791,persons,100.0
kanazawa_lodging_guests,201412,2014,12,197346,persons,100.0
kanazawa_lodging_guests,201501,2015,1,164337,persons,93.13041556395537
kanazawa_lodging_guests,201502,2015,2,187954,persons,102.80822667104255
kanazawa_lodging_guests,201503,2015,3,247035,persons,108.31970393885845
kanazawa_lodging_guests,201504,2015,4,240940,persons,104.69689003219904
kanazawa_lodging_guests,201505,2015,5,262742,persons,104.7043680286287
kanazawa_lodging_guests,201506,2015,6,233475,persons,116.35063414147957
kanazawa_lodging_guests,201507,2015,7,222013,persons,106.22784059101326
kanazawa_lodging_guests,201508,2015,8,301251,persons,109.55657464551065
kanazawa_lodging_guests,201509,2015,9,242062,persons,103.39978556447376
kanazawa_lodging_guests,201510,2015,10,249723,persons,106.5803119865133
kanazawa_lodging_guests,201511,2015,11,250455,persons,105.3256851604981
kanazawa_lodging_guests,201512,2015,12,215000,persons,108.94570956594004
kanazawa_lodging_guests,201601,2016,1,198662,persons,112.58252625255724
kanazawa_lodging_guests,201602,2016,2,229910,persons,125.75757575757575
kanazawa_lodging_guests,201603,2016,3,262249,persons,114.99072616536803
kanazawa_lodging_guests,201604,2016,4,254219,persons,110.46708179254425
kanazawa_lodging_guests,201605,2016,5,263295,persons,104.92474206673388
kanazawa_lodging_guests,201606,2016,6,222298,persons,110.78065432437147
kanazawa_lodging_guests,201607,2016,7,254218,persons,121.6371526864022
kanazawa_lodging_guests,201608,2016,8,325711,persons,118.45199346844963
kanazawa_lodging_guests,201609,2016,9,278167,persons,118.82248412023768
kanazawa_lodging_guests,201610,2016,10,288523,persons,123.13992445743796
kanazawa_lodging_guests,201611,2016,11,274064,persons,115.25415175511269
kanazawa_lodging_guests,201612,2016,12,233538,persons,118.33936335167674
kanazawa_lodging_guests,201701,2017,1,210594,persons,119.34443695135981
kanazawa_lodging_guests,201702,2017,2,223982,persons,122.51504211793021
kanazawa_lodging_guests,201703,2017,3,289052,persons,126.74328359517848
kanazawa_lodging_guests,201704,2017,4,272439,persons,118.38431154429433
kanazawa_lodging_guests,201705,2017,5,285309,persons,113.69746191275101
kanazawa_lodging_guests,201706,2017,6,234003,persons,116.61375925049211
kanazawa_lodging_guests,201707,2017,7,254611,persons,121.82519366306694
kanazawa_lodging_guests,201708,2017,8,332231,persons,120.82313536238102
kanazawa_lodging_guests,201709,2017,9,279698,persons,119.4764697590377
kanazawa_lodging_guests,201710,2017,10,285924,persons,122.0306864983675
kanazawa_lodging_guests,201711,2017,11,284956,persons,119.83464470900917
kanazawa_lodging_guests,201712,2017,12,240705,persons,121.97105591195158
kanazawa_lodging_guests,201801,2018,1,210687,persons,119.39714041222041
kanazawa_lodging_guests,201802,2018,2,223295,persons,122.13926266272837
kanazawa_lodging_guests,201803,2018,3,284570,persons,124.7780199157243
kanazawa_lodging_guests,201804,2018,4,281693,persons,122.40549947638519
kanazawa_lodging_guests,201805,2018,5,287287,persons,114.485707568035
kanazawa_lodging_guests,201806,2018,6,240408,persons,119.80564622629757
kanazawa_lodging_guests,201807,2018,7,255022,persons,122.02184720354839
kanazawa_lodging_guests,201808,2018,8,353279,persons,128.47770508377187
kanazawa_lodging_guests,201809,2018,9,306188,persons,130.7920018111686
kanazawa_lodging_guests,201810,2018,10,303869,persons,129.68950726617015
kanazawa_lodging_guests,201811,2018,11,303843,persons,127.77733387722832
kanazawa_lodging_guests,201812,2018,12,254949,persons,129.18883585175277
kanazawa_lodging_guests,201901,2019,1,218105,persons,123.60094979570324
kanazawa_lodging_guests,201902,2019,2,245310,persons,134.1811617984903
kanazawa_lodging_guests,201903,2019,3,303779,persons,133.20076646160456
kanazawa_lodging_guests,201904,2019,4,315315,persons,137.01543903255103
kanazawa_lodging_guests,201905,2019,5,312586,persons,124.56752093154854
kanazawa_lodging_guests,201906,2019,6,253069,persons,126.11516706949392
kanazawa_lodging_guests,201907,2019,7,260717,persons,124.74676670000049
kanazawa_lodging_guests,201908,2019,8,350660,persons,127.52524793343348
kanazawa_lodging_guests,201909,2019,9,297376,persons,127.02784671704335
kanazawa_lodging_guests,201910,2019,10,292954,persons,125.03104927338298
kanazawa_lodging_guests,201911,2019,11,321319,persons,135.12664482675962
kanazawa_lodging_guests,201912,2019,12,260303,persons,131.90183738205994
kanazawa_19_facility_visits,201401,2014,1,308403,person_visits,100.0
kanazawa_19_facility_visits,201402,2014,2,309493,person_visits,100.0
kanazawa_19_facility_visits,201403,2014,3,403516,person_visits,100.0
kanazawa_19_facility_visits,201404,2014,4,1062386,person_visits,100.0
kanazawa_19_facility_visits,201405,2014,5,579443,person_visits,100.0
kanazawa_19_facility_visits,201406,2014,6,414995,person_visits,100.0
kanazawa_19_facility_visits,201407,2014,7,364371,person_visits,100.0
kanazawa_19_facility_visits,201408,2014,8,655362,person_visits,100.0
kanazawa_19_facility_visits,201409,2014,9,449584,person_visits,100.0
kanazawa_19_facility_visits,201410,2014,10,583248,person_visits,100.0
kanazawa_19_facility_visits,201411,2014,11,592497,person_visits,100.0
kanazawa_19_facility_visits,201412,2014,12,255885,person_visits,100.0
kanazawa_19_facility_visits,201501,2015,1,278127,person_visits,90.18297487378527
kanazawa_19_facility_visits,201502,2015,2,358325,person_visits,115.77806283179264
kanazawa_19_facility_visits,201503,2015,3,684942,person_visits,169.7434550302838
kanazawa_19_facility_visits,201504,2015,4,1221738,person_visits,114.99944464629617
kanazawa_19_facility_visits,201505,2015,5,1031536,person_visits,178.02199698676142
kanazawa_19_facility_visits,201506,2015,6,683797,person_visits,164.77234665477897
kanazawa_19_facility_visits,201507,2015,7,604033,person_visits,165.7741697335957
kanazawa_19_facility_visits,201508,2015,8,945433,person_visits,144.2611869470613
kanazawa_19_facility_visits,201509,2015,9,872324,person_visits,194.0291469447311
kanazawa_19_facility_visits,201510,2015,10,895153,person_visits,153.47725152936658
kanazawa_19_facility_visits,201511,2015,11,939480,person_visits,158.56282816621857
kanazawa_19_facility_visits,201512,2015,12,517698,person_visits,202.31666568966529
kanazawa_19_facility_visits,201601,2016,1,538271,person_visits,174.5349429156007
kanazawa_19_facility_visits,201602,2016,2,583406,person_visits,188.50377876074742
kanazawa_19_facility_visits,201603,2016,3,792901,person_visits,196.49803229611712
kanazawa_19_facility_visits,201604,2016,4,1300487,person_visits,122.41191054852003
kanazawa_19_facility_visits,201605,2016,5,931590,person_visits,160.77336338518197
kanazawa_19_facility_visits,201606,2016,6,639879,person_visits,154.18956854901867
kanazawa_19_facility_visits,201607,2016,7,597923,person_visits,164.09730741469545
kanazawa_19_facility_visits,201608,2016,8,962892,person_visits,146.92521079952758
kanazawa_19_facility_visits,201609,2016,9,819919,person_visits,182.37281575856792
kanazawa_19_facility_visits,201610,2016,10,954964,person_visits,163.73206594793294
kanazawa_19_facility_visits,201611,2016,11,852707,person_visits,143.91752194525878
kanazawa_19_facility_visits,201612,2016,12,516121,person_visits,201.70037321452998
kanazawa_19_facility_visits,201701,2017,1,516622,person_visits,167.51523169359572
kanazawa_19_facility_visits,201702,2017,2,519086,person_visits,167.72140242267193
kanazawa_19_facility_visits,201703,2017,3,786665,person_visits,194.9526165009566
kanazawa_19_facility_visits,201704,2017,4,1320370,person_visits,124.2834525304362
kanazawa_19_facility_visits,201705,2017,5,907449,person_visits,156.60712097652402
kanazawa_19_facility_visits,201706,2017,6,609206,person_visits,146.79839516138748
kanazawa_19_facility_visits,201707,2017,7,553917,person_visits,152.02005648089448
kanazawa_19_facility_visits,201708,2017,8,971710,person_visits,148.27072671287013
kanazawa_19_facility_visits,201709,2017,9,724446,person_visits,161.1369621694722
kanazawa_19_facility_visits,201710,2017,10,786363,person_visits,134.82480865772365
kanazawa_19_facility_visits,201711,2017,11,841178,person_visits,141.97168930813152
kanazawa_19_facility_visits,201712,2017,12,494497,person_visits,193.24970201457685
kanazawa_19_facility_visits,201801,2018,1,467498,person_visits,151.5867225675496
kanazawa_19_facility_visits,201802,2018,2,475792,person_visits,153.73271770282363
kanazawa_19_facility_visits,201803,2018,3,815004,person_visits,201.9756341755965
kanazawa_19_facility_visits,201804,2018,4,1181118,person_visits,111.1759755870277
kanazawa_19_facility_visits,201805,2018,5,880457,person_visits,151.948854330797
kanazawa_19_facility_visits,201806,2018,6,652562,person_visits,157.24574994879455
kanazawa_19_facility_visits,201807,2018,7,601668,person_visits,165.12510600459422
kanazawa_19_facility_visits,201808,2018,8,962494,person_visits,146.86448100439148
kanazawa_19_facility_visits,201809,2018,9,733436,person_visits,163.1365884906936
kanazawa_19_facility_visits,201810,2018,10,815739,person_visits,139.8614311579294
kanazawa_19_facility_visits,201811,2018,11,935144,person_visits,157.83101011481915
kanazawa_19_facility_visits,201812,2018,12,527924,person_visits,206.31299216444887
kanazawa_19_facility_visits,201901,2019,1,505274,person_visits,163.83563065210132
kanazawa_19_facility_visits,201902,2019,2,610185,person_visits,197.1563169441635
kanazawa_19_facility_visits,201903,2019,3,750833,person_visits,186.07267121997643
kanazawa_19_facility_visits,201904,2019,4,1370035,person_visits,128.95830705600412
kanazawa_19_facility_visits,201905,2019,5,954743,person_visits,164.76909721922607
kanazawa_19_facility_visits,201906,2019,6,605096,person_visits,145.808021783395
kanazawa_19_facility_visits,201907,2019,7,563457,person_visits,154.6382670410104
kanazawa_19_facility_visits,201908,2019,8,1004462,person_visits,153.2682700553282
kanazawa_19_facility_visits,201909,2019,9,728084,person_visits,161.94615466742587
kanazawa_19_facility_visits,201910,2019,10,693088,person_visits,118.83246920692399
kanazawa_19_facility_visits,201911,2019,11,914168,person_visits,154.29073902483893
kanazawa_19_facility_visits,201912,2019,12,455860,person_visits,178.1503409734842
