unit_role,area_code,pre_rmspe,retained_max_gate,retained_min_gate
high_confidence,18201,0.051571343536393144,False,False
high_confidence,18202,0.072338532738345299,False,False
high_confidence,18204,0.068501873701722629,False,False
high_confidence,18205,0.089127658075542002,False,False
high_confidence,18207,0.091446315487203514,False,False
high_confidence,18208,0.11459959540422829,False,False
high_confidence,18210,0.089635086557187549,False,False
high_confidence,18322,0.081157880447757305,False,False
high_confidence,18404,0.059164395562074985,False,False
high_confidence,18423,0.093103522085448101,False,False
high_confidence,18481,0.10586607151972965,False,False
high_confidence,18483,0.050919357010740483,False,False
high_confidence,18501,0.11954483639060975,False,False
placebo,1101,0.10945608838917635,True,True
placebo,1102,0.065200325223014333,True,True
placebo,1103,0.094627802628834634,True,True
placebo,1104,0.39073339798098899,True,False
placebo,1105,0.4005747579972217,True,False
placebo,1106,0.10237190170938018,True,True
placebo,1107,0.085773007136161469,True,True
placebo,1108,0.17497265548297644,True,True
placebo,1109,0.1900234863012161,True,True
placebo,1110,0.36189396813071395,True,False
placebo,1202,0.14007388980201158,True,True
placebo,1203,0.080131148377859257,True,True
placebo,1204,0.10499021988002243,True,True
placebo,1205,0.078703351367572824,True,True
placebo,1206,0.044685970576098841,True,True
placebo,1207,0.080721701678907798,True,True
placebo,1208,0.10122883301127841,True,True
placebo,1209,0.24925498705356749,True,True
placebo,1210,0.28204898923467298,True,False
placebo,1211,0.1269023620366582,True,True
placebo,1212,0.1315918930287496,True,True
placebo,1213,0.0917188232358572,True,True
placebo,1214,0.10152578386314685,True,True
placebo,1215,0.21904672493878866,True,True
placebo,1216,0.059389987359176624,True,True
placebo,1217,0.085904300774627795,True,True
placebo,1219,0.091705507489327112,True,True
placebo,1220,0.26848523433136873,True,False
placebo,1221,0.060118586650858653,True,True
placebo,1222,0.053763601090309379,True,True
placebo,1223,0.13506944969519391,True,True
placebo,1224,0.11309713320705145,True,True
placebo,1225,0.058639566018644979,True,True
placebo,1226,0.26423768156897876,True,False
placebo,1227,0.072546463595677596,True,True
placebo,1228,0.058107311461740821,True,True
placebo,1229,0.35752096648229237,True,False
placebo,1230,0.1421071798427051,True,True
placebo,1231,0.088505390947708318,True,True
placebo,1233,0.058095385282968218,True,True
placebo,1234,0.63399525546813307,False,False
placebo,1235,0.15359213550905393,True,True
placebo,1236,0.28213532098428251,True,False
placebo,1303,0.058316929799929931,True,True
placebo,1304,0.10542389392988924,True,True
placebo,1331,0.33101701344481499,True,False
placebo,1332,0.30935370771688225,True,False
placebo,1333,0.12896870987005771,True,True
placebo,1334,0.07207104820413196,True,True
placebo,1337,0.070852754403392698,True,True
placebo,1343,0.30721397978015896,True,False
placebo,1345,0.068582453240972147,True,True
placebo,1346,0.18024937765695329,True,True
placebo,1361,0.084223033910712952,True,True
placebo,1362,0.12873392290591862,True,True
placebo,1363,0.12241096804970368,True,True
placebo,1364,0.13770298995437094,True,True
placebo,1371,0.11662317933097879,True,True
placebo,1391,0.33812236386599809,True,False
placebo,1392,0.16193908627914519,True,True
placebo,1393,0.071163640521424515,True,True
placebo,1394,0.077938578803664282,True,True
placebo,1395,0.074263619837960163,True,True
placebo,1396,0.1865311740151914,True,True
placebo,1397,0.14287576038388161,True,True
placebo,1398,0.10699972447208428,True,True
placebo,1399,0.19984457521236129,True,True
placebo,1400,0.14198377530081532,True,True
placebo,1402,0.16216214032774287,True,True
placebo,1404,0.19542166819672846,True,True
placebo,1407,0.069755017325533686,True,True
placebo,1408,0.10066520882440889,True,True
placebo,1409,0.13398330168174946,True,True
placebo,1423,0.22886819726658261,True,True
placebo,1424,0.065627716917772,True,True
placebo,1428,0.1500975743988075,True,True
placebo,1429,0.14443279601825415,True,True
placebo,1430,0.45008386434974201,True,False
placebo,1431,0.23224600201040282,True,True
placebo,1432,0.16926068084171605,True,True
placebo,1434,0.043907624135694177,True,True
placebo,1436,0.053544750178817185,True,True
placebo,1437,0.088034483912209333,True,True
placebo,1438,0.12991921701391668,True,True
placebo,1453,0.11193081485412879,True,True
placebo,1454,0.081426286360244418,True,True
placebo,1455,0.29346393487710892,True,False
placebo,1457,0.35307430940139378,True,False
placebo,1458,0.10311952251513375,True,True
placebo,1459,0.13510063704790945,True,True
placebo,1460,0.27414861739959656,True,False
placebo,1461,1.1802405097705149,False,False
placebo,1462,0.10561145325699234,True,True
placebo,1464,0.61512684353806291,False,False
placebo,1469,0.057713699702288068,True,True
placebo,1470,0.068089485986635348,True,True
placebo,1471,0.065745302056427243,True,True
placebo,1472,0.19758204742307242,True,True
placebo,1481,0.35990647972017226,True,False
placebo,1482,0.086629102916358183,True,True
placebo,1483,0.55353880032109737,True,False
placebo,1484,0.06555282591382236,True,True
placebo,1485,0.16210746504255832,True,True
placebo,1486,0.041788140795086512,True,True
placebo,1487,0.077192361658194764,True,True
placebo,1512,0.10135307450259873,True,True
placebo,1513,0.16426072400899219,True,True
placebo,1514,0.10167300450270464,True,True
placebo,1516,0.10612539450637122,True,True
placebo,1543,0.075005210787933818,True,True
placebo,1544,0.058583424825670159,True,True
placebo,1545,0.22043661791340466,True,True
placebo,1546,0.075541192441778052,True,True
placebo,1547,0.2376563882033115,True,True
placebo,1550,0.098090274759330076,True,True
placebo,1552,0.068955906244946352,True,True
placebo,1555,0.052192869378619687,True,True
placebo,1559,0.11049120929591473,True,True
placebo,1561,0.10436740288661098,True,True
placebo,1562,0.090042329030640647,True,True
placebo,1563,0.054797562303631718,True,True
placebo,1564,0.096749856485159949,True,True
placebo,1571,0.058832724939132781,True,True
placebo,1575,0.10107143798028585,True,True
placebo,1578,0.17097364456976041,True,True
placebo,1581,0.28425940557469564,True,False
placebo,1584,0.063874769809130053,True,True
placebo,1585,0.29117478412870529,True,False
placebo,1586,0.079844481764721004,True,True
placebo,1601,0.061505616290756127,True,True
placebo,1602,0.11798458156289178,True,True
placebo,1604,0.10747962112675959,True,True
placebo,1607,0.14412901351336357,True,True
placebo,1608,0.39681610909192994,True,False
placebo,1610,0.070454083331620385,True,True
placebo,1631,0.14490827440999884,True,True
placebo,1632,0.050512760030605522,True,True
placebo,1633,0.10968939373649067,True,True
placebo,1634,0.072502062576201565,True,True
placebo,1635,0.44610725101925947,True,False
placebo,1636,0.085381181811885226,True,True
placebo,1637,0.15463994715693533,True,True
placebo,1638,0.072360006901427368,True,True
placebo,1639,0.067272010818207328,True,True
placebo,1641,0.068571141382241546,True,True
placebo,1642,0.75464626397172863,False,False
placebo,1643,0.13292470218784974,True,True
placebo,1644,0.091855468341320939,True,True
placebo,1646,0.064392194976910344,True,True
placebo,1647,0.063540792128830861,True,True
placebo,1648,0.073867511121519625,True,True
placebo,1649,0.049208174666350288,True,True
placebo,1661,0.062858704153263292,True,True
placebo,1662,0.071713355328364092,True,True
placebo,1665,0.057313629436094894,True,True
placebo,1667,0.1386659899091921,True,True
placebo,1668,0.069456166952247878,True,True
placebo,1691,0.51955379126098589,True,False
placebo,1692,0.32001886035570398,True,False
placebo,1693,0.17835684705589724,True,True
placebo,1694,0.39358168503162222,True,False
placebo,2201,0.097040343973939042,True,True
placebo,2202,0.18852666438544363,True,True
placebo,2203,0.081246239737379877,True,True
placebo,2204,0.15026519889663947,True,True
placebo,2205,0.10485051532758287,True,True
placebo,2206,0.060943039214281035,True,True
placebo,2207,0.20876533460528243,True,True
placebo,2208,0.071325435334472956,True,True
placebo,2209,0.056576302049815411,True,True
placebo,2210,0.054082804509375734,True,True
placebo,2301,0.093307393470053721,True,True
placebo,2303,0.18780397467466586,True,True
placebo,2304,0.13728947735290656,True,True
placebo,2307,0.13391054815198744,True,True
placebo,2321,0.37301780705271187,True,False
placebo,2323,0.14385545148097967,True,True
placebo,2343,0.14204756027091225,True,True
placebo,2361,0.21862984526974194,True,True
placebo,2362,0.35132799387810665,True,False
placebo,2367,0.14343811071937981,True,True
placebo,2384,0.097904470904870977,True,True
placebo,2387,0.28163020537367317,True,False
placebo,2401,0.68660256278600662,False,False
placebo,2402,0.071980903271227054,True,True
placebo,2405,0.23716187982305439,True,True
placebo,2406,0.1814767453600146,True,True
placebo,2408,0.083226286307393052,True,True
placebo,2411,0.073155134155922244,True,True
placebo,2412,0.076315657807145998,True,True
placebo,2423,0.31013300321879228,True,False
placebo,2426,0.19624372060054163,True,True
placebo,2441,0.04846917677116485,True,True
placebo,2442,0.26842779113654974,True,False
placebo,2443,0.1822463851559909,True,True
placebo,2445,0.15411484170492756,True,True
placebo,2446,0.047624606748380205,True,True
placebo,2450,0.23435680062317277,True,True
placebo,3201,0.085055057647173846,True,True
placebo,3202,0.045264786981685873,True,True
placebo,3203,0.069853181370565301,True,True
placebo,3205,0.0617952959262466,True,True
placebo,3206,0.095643995206204979,True,True
placebo,3207,0.085946277311669414,True,True
placebo,3208,0.077061863641610828,True,True
placebo,3209,0.051571307492544925,True,True
placebo,3210,0.066826756295651851,True,True
placebo,3211,0.1661785320971057,True,True
placebo,3213,0.17197160808502479,True,True
placebo,3214,0.093614790690380881,True,True
placebo,3215,0.12080987222447306,True,True
placebo,3216,0.19450452122746284,True,True
placebo,3301,0.052551719721161932,True,True
placebo,3302,0.21234298686796566,True,True
placebo,3303,0.078588529838128612,True,True
placebo,3321,0.37292925472004573,True,False
placebo,3322,0.26243596594982738,True,False
placebo,3366,0.52914841150281555,True,False
placebo,3381,0.19905388288379811,True,True
placebo,3402,0.071648165884136236,True,True
placebo,3441,0.10206235840156729,True,True
placebo,3461,0.15896675575055053,True,True
placebo,3482,0.12704458277497976,True,True
placebo,3483,0.11044007970801181,True,True
placebo,3484,0.86980008923333374,False,False
placebo,3485,0.21788102468840673,True,True
placebo,3501,0.75838199548744778,False,False
placebo,3503,0.099142102662839904,True,True
placebo,3506,0.55639237207553927,True,False
placebo,3507,0.18073436682720595,True,True
placebo,3524,0.16286280697971325,True,True
placebo,4101,0.075659533027120598,True,True
placebo,4102,0.11515022185741337,True,True
placebo,4103,0.04592082546867058,True,True
placebo,4104,0.063746633807680822,True,True
placebo,4105,0.069089565110926787,True,True
placebo,4202,0.043333898703651154,True,True
placebo,4203,0.12033970866171881,True,True
placebo,4205,0.093445631595814455,True,True
placebo,4206,0.088313787861980339,True,True
placebo,4207,0.11832058822813855,True,True
placebo,4208,0.049735717672425538,True,True
placebo,4209,0.25836253462930908,True,False
placebo,4211,0.17973774859324529,True,True
placebo,4212,0.062235271635965719,True,True
placebo,4213,0.097415232051585421,True,True
placebo,4214,0.084762262208906813,True,True
placebo,4215,0.056208911513268067,True,True
placebo,4216,0.13219352255662392,True,True
placebo,4301,0.078585357916722276,True,True
placebo,4302,0.09129405014555618,True,True
placebo,4321,0.088888669627365899,True,True
placebo,4322,0.082009985625188617,True,True
placebo,4323,0.22411378056761647,True,True
placebo,4324,0.1904481267832509,True,True
placebo,4341,0.22026380046962915,True,True
placebo,4361,0.15479892967844933,True,True
placebo,4362,0.070625478831575161,True,True
placebo,4401,0.084217580075595155,True,True
placebo,4404,0.17742337348069742,True,True
placebo,4406,0.26945081587458197,True,False
placebo,4421,0.13151409735264871,True,True
placebo,4422,0.071912122479077967,True,True
placebo,4424,0.1038440275449279,True,True
placebo,4444,0.052029305332206177,True,True
placebo,4445,0.1573489848017926,True,True
placebo,4501,0.3651472061772344,True,False
placebo,4505,0.14456545842192201,True,True
placebo,4581,0.1025047136351287,True,True
placebo,4606,0.1056053154188823,True,True
placebo,5201,0.057112010812348089,True,True
placebo,5202,0.051270790077039073,True,True
placebo,5203,0.091352380876918493,True,True
placebo,5204,0.12476753383735924,True,True
placebo,5206,0.096326575169397202,True,True
placebo,5207,0.08829183147041697,True,True
placebo,5209,0.1050559300859044,True,True
placebo,5210,0.05484342780521631,True,True
placebo,5211,0.10187681322775308,True,True
placebo,5212,0.12612924808228282,True,True
placebo,5213,0.12564742579539542,True,True
placebo,5214,0.060152690206652794,True,True
placebo,5215,0.084092730668876084,True,True
placebo,5303,0.17886286618154762,True,True
placebo,5327,0.072575682604306038,True,True
placebo,5348,0.076312172256508742,True,True
placebo,5349,0.10205016137348805,True,True
placebo,5361,0.11525192214506437,True,True
placebo,5366,0.44261505842344762,True,False
placebo,5368,0.082973334168727403,True,True
placebo,5434,0.13969143870524078,True,True
placebo,5463,0.072360461272711313,True,True
placebo,5464,0.34055055913241766,True,False
placebo,6201,0.10125430499148602,True,True
placebo,6202,0.052362538181740852,True,True
placebo,6203,0.083426014328246006,True,True
placebo,6204,0.062754892283197555,True,True
placebo,6205,0.063302558001927675,True,True
placebo,6206,0.25756275021982439,True,True
placebo,6207,0.21856617936265879,True,True
placebo,6208,0.1617857027780204,True,True
placebo,6209,0.079904624437371979,True,True
placebo,6210,0.249023106035096,True,True
placebo,6211,0.13453570830361838,True,True
placebo,6212,0.056250855995330973,True,True
placebo,6213,0.27726130845740987,True,False
placebo,6301,0.22681335534447106,True,True
placebo,6302,0.51520992070608451,True,False
placebo,6321,0.14288822921491082,True,True
placebo,6322,0.12303218937435009,True,True
placebo,6323,0.13178316454835298,True,True
placebo,6324,0.081682664341403727,True,True
placebo,6341,0.46600745493046269,True,False
placebo,6361,0.32642058123001633,True,False
placebo,6362,0.27100998266163329,True,False
placebo,6364,0.14589204761779942,True,True
placebo,6365,0.22890323048138669,True,True
placebo,6366,0.37698860933586281,True,False
placebo,6367,0.089525336505183781,True,True
placebo,6381,0.058643587438137849,True,True
placebo,6382,0.50634446132235233,True,False
placebo,6401,0.12980760891115953,True,True
placebo,6402,0.23775660194188908,True,True
placebo,6403,0.057258436335519435,True,True
placebo,6426,0.052999434633830382,True,True
placebo,6428,0.054722462158926441,True,True
placebo,6461,0.071666691553615477,True,True
placebo,7201,0.10408654866233706,True,True
placebo,7202,0.12084808136462948,True,True
placebo,7203,0.087420855208356074,True,True
placebo,7204,0.074177294559865575,True,True
placebo,7205,0.069178208783593584,True,True
placebo,7207,0.054215470778807569,True,True
placebo,7208,0.090563273192816596,True,True
placebo,7209,0.079175225489772474,True,True
placebo,7210,0.053089011088391772,True,True
placebo,7211,0.12289916753112154,True,True
placebo,7212,0.082971431375707103,True,True
placebo,7213,0.054106542166637649,True,True
placebo,7214,0.046318436600789124,True,True
placebo,7301,0.27041118417113597,True,False
placebo,7303,0.085263881353035115,True,True
placebo,7308,0.066665983943068399,True,True
placebo,7322,0.068302659929715376,True,True
placebo,7342,0.16013343159906474,True,True
placebo,7344,0.060744526728919702,True,True
placebo,7362,0.061095913623011096,True,True
placebo,7364,0.21973657927628809,True,True
placebo,7367,0.47079014685179754,True,False
placebo,7368,0.10721494246626559,True,True
placebo,7402,0.11652891873411481,True,True
placebo,7405,0.083799389640038871,True,True
placebo,7407,0.090094394467701844,True,True
placebo,7408,0.043209568000206505,True,True
placebo,7421,0.24914879391253331,True,True
placebo,7422,0.048842706017469199,True,True
placebo,7423,0.13033064584239953,True,True
placebo,7444,0.12193487507137706,True,True
placebo,7445,0.075764885999754103,True,True
placebo,7446,0.21515384165046816,True,True
placebo,7447,0.17151909857463851,True,True
placebo,7461,0.12910662473629375,True,True
placebo,7464,0.24079861821110346,True,True
placebo,7466,0.089933783679529353,True,True
placebo,7481,0.16470771231631545,True,True
placebo,7482,0.46177280060242093,True,False
placebo,7483,0.05861618834128187,True,True
placebo,7501,0.26613157506026514,True,False
placebo,7502,0.05975987758294618,True,True
placebo,7503,0.086048094495583913,True,True
placebo,7505,0.056246139014049179,True,True
placebo,7521,0.13530121411135404,True,True
placebo,7522,0.14566959476437755,True,True
placebo,7541,0.22604980096931238,True,True
placebo,7542,0.15000192964800388,True,True
placebo,7543,0.21121665368904119,True,True
placebo,7544,0.21206903829099025,True,True
placebo,7546,0.1418736507725003,True,True
placebo,7547,0.072175580131883257,True,True
placebo,7561,0.14987396514097437,True,True
placebo,7564,0.074439241762396011,True,True
placebo,8201,0.15819699343575899,True,True
placebo,8202,0.086423762756403788,True,True
placebo,8203,0.063099553945971235,True,True
placebo,8204,0.042104508660926777,True,True
placebo,8205,0.10700309451596045,True,True
placebo,8207,0.082942156141320819,True,True
placebo,8208,0.04150501471931195,True,True
placebo,8210,0.032669883318735111,True,True
placebo,8211,0.062767659082819616,True,True
placebo,8212,0.056258729533899744,True,True
placebo,8214,0.10550427857922931,True,True
placebo,8215,0.041198944264451906,True,True
placebo,8216,0.060634095674441009,True,True
placebo,8217,0.0447087555604362,True,True
placebo,8219,0.090735365052312875,True,True
placebo,8220,0.038699046663352055,True,True
placebo,8221,0.40727715305705242,True,False
placebo,8222,0.13925532179745306,True,True
placebo,8223,0.10448699447763034,True,True
placebo,8224,0.089504373884414512,True,True
placebo,8225,0.039357027652423313,True,True
placebo,8226,0.18788145072980553,True,True
placebo,8227,0.048754217092751816,True,True
placebo,8228,0.054443590105039005,True,True
placebo,8229,0.040396917500444267,True,True
placebo,8230,0.065286766766264728,True,True
placebo,8231,0.1614548349496924,True,True
placebo,8232,0.063450138936160028,True,True
placebo,8233,0.046932291752036011,True,True
placebo,8234,0.047542016583067975,True,True
placebo,8235,0.14939086274508195,True,True
placebo,8236,0.12292670678957383,True,True
placebo,8302,0.090876313389155944,True,True
placebo,8309,0.091030134523026621,True,True
placebo,8310,0.063014329551541265,True,True
placebo,8341,0.10854100294607487,True,True
placebo,8364,0.14968378856066961,True,True
placebo,8442,0.080639091906191993,True,True
placebo,8443,0.11410694324035671,True,True
placebo,8447,0.18584059372355097,True,True
placebo,8521,0.18686481301165023,True,True
placebo,8542,0.062724436616853743,True,True
placebo,8546,0.11347135835625405,True,True
placebo,8564,0.56669300688247481,True,False
placebo,9201,0.057728970771120783,True,True
placebo,9202,0.38818072728755137,True,False
placebo,9203,0.029245980864424162,True,True
placebo,9204,0.069300250996490675,True,True
placebo,9205,0.03256482501480807,True,True
placebo,9206,0.073276102674712351,True,True
placebo,9208,0.042601287053755876,True,True
placebo,9209,0.080853628943740152,True,True
placebo,9210,0.043186742957930679,True,True
placebo,9211,0.035544617319065691,True,True
placebo,9213,0.042472418779992575,True,True
placebo,9214,0.034708043506400846,True,True
placebo,9215,0.086556656793359568,True,True
placebo,9216,0.060619351836482122,True,True
placebo,9301,0.12881542068901297,True,True
placebo,9342,0.044783907872538664,True,True
placebo,9343,0.19152384389950006,True,True
placebo,9344,0.057354238399372412,True,True
placebo,9345,0.046294932121563104,True,True
placebo,9361,0.043382327103760061,True,True
placebo,9364,0.15890674624360634,True,True
placebo,9384,0.05630900961664418,True,True
placebo,9386,0.064127217419477606,True,True
placebo,9407,0.10901056657238413,True,True
placebo,9411,0.045536247281459503,True,True
placebo,10201,0.040760164918596221,True,True
placebo,10202,0.047059880939271222,True,True
placebo,10203,0.068867679419073444,True,True
placebo,10204,0.051792818803700243,True,True
placebo,10205,0.050160190043116441,True,True
placebo,10206,0.052617355023143353,True,True
placebo,10207,0.085997929201360582,True,True
placebo,10208,0.036282215051671757,True,True
placebo,10209,0.024467417918582379,True,True
placebo,10210,0.044926029318289575,True,True
placebo,10211,0.059268752535597415,True,True
placebo,10212,0.12251153246508793,True,True
placebo,10344,0.077134140571847962,True,True
placebo,10345,0.034258910270649534,True,True
placebo,10366,0.084552782461511863,True,True
placebo,10367,0.11756713152645584,True,True
placebo,10382,0.062409857710775958,True,True
placebo,10383,0.095001369172165562,True,True
placebo,10384,0.059947998873434369,True,True
placebo,10421,0.18845513095513378,True,True
placebo,10424,0.067163337706548032,True,True
placebo,10425,0.11782123163458233,True,True
placebo,10426,0.042114429042271563,True,True
placebo,10428,0.054296311471256381,True,True
placebo,10429,0.054965659089933963,True,True
placebo,10443,0.14155637507811961,True,True
placebo,10444,0.17325687908927573,True,True
placebo,10448,0.064239827453573498,True,True
placebo,10449,0.13890359352798345,True,True
placebo,10464,0.048869781219510168,True,True
placebo,10521,0.077365270998104779,True,True
placebo,10522,0.250385617852942,True,True
placebo,10523,0.22060231240740513,True,True
placebo,10524,0.2236930738053256,True,True
placebo,10525,0.28208972526984211,True,False
placebo,11101,0.072445307913386325,True,True
placebo,11102,0.052764583462754734,True,True
placebo,11103,0.050634275917359549,True,True
placebo,11104,0.063948686152842854,True,True
placebo,11105,0.23097105678332952,True,True
placebo,11106,0.10758079304021058,True,True
placebo,11107,0.17057815936326376,True,True
placebo,11108,0.065111699183454899,True,True
placebo,11109,0.43809001107742984,True,False
placebo,11110,0.10944796452271541,True,True
placebo,11201,0.068653611856475255,True,True
placebo,11202,0.076355950562422156,True,True
placebo,11203,0.058221250124736279,True,True
placebo,11206,0.07142944379374612,True,True
placebo,11207,0.081264617234360723,True,True
placebo,11208,0.23490295372579198,True,True
placebo,11209,0.055529691520795614,True,True
placebo,11210,0.055054385011790705,True,True
placebo,11211,0.045531336409095804,True,True
placebo,11212,0.037933996998721797,True,True
placebo,11214,0.047365947245722677,True,True
placebo,11215,0.074007046260710349,True,True
placebo,11216,0.10373406780450667,True,True
placebo,11217,0.077341532688224024,True,True
placebo,11218,0.050534461098382437,True,True
placebo,11219,0.055221090707674891,True,True
placebo,11221,0.043779129563322049,True,True
placebo,11222,0.058817681816725274,True,True
placebo,11223,0.1373528591733478,True,True
placebo,11224,0.057656231223185514,True,True
placebo,11225,0.053279805803454899,True,True
placebo,11227,0.10769349127723926,True,True
placebo,11228,0.2687832168063814,True,False
placebo,11229,0.082947500433994806,True,True
placebo,11230,0.15979305196237059,True,True
placebo,11231,0.064482118731944801,True,True
placebo,11232,0.061395428110107605,True,True
placebo,11233,0.063089202120268181,True,True
placebo,11234,0.10288688560457677,True,True
placebo,11235,0.069649857045657196,True,True
placebo,11237,0.14661173821608661,True,True
placebo,11238,0.097284130219452675,True,True
placebo,11239,0.074973145379756342,True,True
placebo,11240,0.56697699354143327,True,False
placebo,11241,0.10605672446731111,True,True
placebo,11242,0.13476856953111654,True,True
placebo,11243,0.076449629389909915,True,True
placebo,11245,0.082964651156232694,True,True
placebo,11246,0.1170569346953081,True,True
placebo,11301,0.49024665394453348,True,False
placebo,11324,0.11500075146233785,True,True
placebo,11326,0.0351022917939387,True,True
placebo,11327,0.076632192660646151,True,True
placebo,11341,0.17199911241081525,True,True
placebo,11342,0.12235455197777265,True,True
placebo,11343,0.072135140574602047,True,True
placebo,11346,0.11558249175124516,True,True
placebo,11347,0.071288703241323595,True,True
placebo,11348,0.073925737073311154,True,True
placebo,11349,0.044579878332556479,True,True
placebo,11361,0.066841310746596772,True,True
placebo,11362,0.073099782284699266,True,True
placebo,11363,0.15554863616955236,True,True
placebo,11365,0.1466389008037467,True,True
placebo,11369,0.23971393358797408,True,True
placebo,11381,0.058446148230103724,True,True
placebo,11383,0.039589564751166179,True,True
placebo,11385,0.090111846603734003,True,True
placebo,11408,0.077998072566035678,True,True
placebo,11442,0.21932919757813224,True,True
placebo,11464,0.045261726178502354,True,True
placebo,11465,0.15476080319839414,True,True
placebo,12101,0.15712219893884188,True,True
placebo,12102,0.10515133397961665,True,True
placebo,12103,0.11382379937686656,True,True
placebo,12104,0.080439146793239588,True,True
placebo,12105,0.043986746925127433,True,True
placebo,12106,0.20369464023023434,True,True
placebo,12202,0.074904473475736907,True,True
placebo,12203,0.056191941677184908,True,True
placebo,12204,0.079998928524281865,True,True
placebo,12205,0.089895758324770439,True,True
placebo,12206,0.043243218109088141,True,True
placebo,12207,0.093256162780505789,True,True
placebo,12208,0.041739695171089275,True,True
placebo,12210,0.079621039225413762,True,True
placebo,12211,0.12156767195975257,True,True
placebo,12212,0.0651696893711525,True,True
placebo,12213,0.048564322879643407,True,True
placebo,12215,0.056474755208427575,True,True
placebo,12216,0.092727806814613262,True,True
placebo,12217,0.081932434172985291,True,True
placebo,12218,0.088957836726612352,True,True
placebo,12219,0.076399042850134172,True,True
placebo,12220,0.066816321657468092,True,True
placebo,12221,0.10059679424827607,True,True
placebo,12222,0.053768017031001258,True,True
placebo,12223,0.062796390268327854,True,True
placebo,12224,0.1636005846803085,True,True
placebo,12225,0.050426089536041281,True,True
placebo,12226,0.051038909220101056,True,True
placebo,12227,0.18259851262613058,True,True
placebo,12228,0.14655356962143495,True,True
placebo,12229,0.14282083384061137,True,True
placebo,12230,0.12968369995063811,True,True
placebo,12231,0.05278552627671998,True,True
placebo,12232,0.065757726699074731,True,True
placebo,12233,0.10680613120189238,True,True
placebo,12234,0.09071048274910383,True,True
placebo,12235,0.065284075971466904,True,True
placebo,12236,0.06326332570373687,True,True
placebo,12237,0.12417454739864145,True,True
placebo,12238,0.052255726150061965,True,True
placebo,12239,0.070331032973421206,True,True
placebo,12322,0.17605320048358877,True,True
placebo,12329,0.066608769250724328,True,True
placebo,12342,0.034787395893806278,True,True
placebo,12347,0.081680062566038603,True,True
placebo,12349,0.11583145930584339,True,True
placebo,12403,0.16351149179997918,True,True
placebo,12409,0.04827805364415947,True,True
placebo,12410,0.090424654478358624,True,True
placebo,12421,0.097155898143748226,True,True
placebo,12422,0.07884802233412716,True,True
placebo,12423,0.11146949900164993,True,True
placebo,12424,0.17213135414686398,True,True
placebo,12426,0.04352459311607703,True,True
placebo,12427,0.062626727795692283,True,True
placebo,12441,0.056876413723761565,True,True
placebo,12443,0.1002957709805232,True,True
placebo,12463,0.056363234137253304,True,True
placebo,13101,0.29327327021206295,True,False
placebo,13102,0.0648896821553165,True,True
placebo,13103,0.057442600182991632,True,True
placebo,13104,0.082474025209120977,True,True
placebo,13105,0.1694943202010282,True,True
placebo,13106,0.12137932679944624,True,True
placebo,13107,0.076490260426835655,True,True
placebo,13108,0.065898686979872417,True,True
placebo,13109,0.044771737959099812,True,True
placebo,13110,0.057200017138547839,True,True
placebo,13111,0.046618390276491596,True,True
placebo,13112,0.065525653696796471,True,True
placebo,13113,0.072648888056750294,True,True
placebo,13114,0.047983147654258505,True,True
placebo,13115,0.054422928019729568,True,True
placebo,13116,0.055122370252283968,True,True
placebo,13117,0.055168285104514908,True,True
placebo,13118,0.18467247940328779,True,True
placebo,13119,0.04506205801767358,True,True
placebo,13120,0.050340477715921671,True,True
placebo,13121,0.042999097308782444,True,True
placebo,13122,0.073676278681570492,True,True
placebo,13123,0.072063770553869158,True,True
placebo,13201,0.094210783493096931,True,True
placebo,13202,0.20374617212297103,True,True
placebo,13203,0.076726334460567966,True,True
placebo,13204,0.067324114082859182,True,True
placebo,13205,0.062819369777566608,True,True
placebo,13206,0.43170417010090928,True,False
placebo,13207,0.084686751926400003,True,True
placebo,13208,0.19776742172704415,True,True
placebo,13209,0.075173551427172802,True,True
placebo,13210,0.17174733806155912,True,True
placebo,13211,0.057792943505060736,True,True
placebo,13212,0.12732862218340946,True,True
placebo,13213,0.10321738902788374,True,True
placebo,13214,0.11199748638792865,True,True
placebo,13215,0.1322777428228521,True,True
placebo,13218,0.12979888349912336,True,True
placebo,13219,0.080699462683688383,True,True
placebo,13220,0.058544796721040009,True,True
placebo,13221,0.19195026465077286,True,True
placebo,13222,0.079268847812545465,True,True
placebo,13223,0.11805165045115602,True,True
placebo,13224,0.089680731202061895,True,True
placebo,13225,0.14100367253569496,True,True
placebo,13227,0.14823462734454235,True,True
placebo,13228,0.17521176578850542,True,True
placebo,13229,0.080195188386305641,True,True
placebo,13303,0.22028246992565031,True,True
placebo,13305,0.18865635442593398,True,True
placebo,13307,0.077038881604585011,True,True
placebo,13308,0.11153035037454791,True,True
placebo,13361,0.28000511194040201,True,False
placebo,13364,0.54180908870882816,True,False
placebo,13401,0.42328701343060871,True,False
placebo,13421,0.40443397206842713,True,False
placebo,14101,0.073992989838971179,True,True
placebo,14102,0.062082592355971883,True,True
placebo,14103,0.12685827659028298,True,True
placebo,14104,0.13630520242515684,True,True
placebo,14105,0.044657807261798826,True,True
placebo,14106,0.16598620637991271,True,True
placebo,14107,0.037551100996384625,True,True
placebo,14108,0.066448150183532229,True,True
placebo,14109,0.26650120092497781,True,False
placebo,14110,0.090913895224919439,True,True
placebo,14111,0.094285035354989069,True,True
placebo,14112,0.066033107720434275,True,True
placebo,14113,0.1116670422726732,True,True
placebo,14114,0.090238831917695689,True,True
placebo,14115,0.072198131088440309,True,True
placebo,14116,0.12611452927568717,True,True
placebo,14117,0.049929698844783085,True,True
placebo,14118,0.1379866370755374,True,True
placebo,14131,0.15490206831882586,True,True
placebo,14132,0.054029497424202974,True,True
placebo,14133,0.14646573899264129,True,True
placebo,14134,0.063232167765434805,True,True
placebo,14135,0.090354427777682156,True,True
placebo,14136,0.080925972592643086,True,True
placebo,14137,0.091872460731366345,True,True
placebo,14151,0.079904228773905198,True,True
placebo,14152,0.16280509943096219,True,True
placebo,14153,0.0892962131782567,True,True
placebo,14201,0.116748499975763,True,True
placebo,14203,0.086179445833832732,True,True
placebo,14204,0.1404568981886786,True,True
placebo,14205,0.05253081150919816,True,True
placebo,14206,0.0721220426456914,True,True
placebo,14207,0.16936474606554802,True,True
placebo,14208,0.099582435669853336,True,True
placebo,14210,0.093631156553922859,True,True
placebo,14211,0.047720605360921362,True,True
placebo,14212,0.045776408961314866,True,True
placebo,14213,0.073652685375571222,True,True
placebo,14214,0.12222446683432488,True,True
placebo,14215,0.14216202284981888,True,True
placebo,14216,0.27425852199733003,True,False
placebo,14217,0.17288105231710102,True,True
placebo,14218,0.076243483849483623,True,True
placebo,14301,0.087966071861869943,True,True
placebo,14321,0.23930664695507287,True,True
placebo,14341,0.14711922565098448,True,True
placebo,14342,0.070109995253607019,True,True
placebo,14361,0.063183221326973613,True,True
placebo,14362,0.25628128445575121,True,True
placebo,14363,0.13259101196485021,True,True
placebo,14364,0.076128627299491824,True,True
placebo,14366,0.466564252478052,True,False
placebo,14382,0.080276097526771367,True,True
placebo,14383,0.056028070970422179,True,True
placebo,14384,0.075860423216651318,True,True
placebo,14401,0.061218862020218999,True,True
placebo,14402,0.15841381106040894,True,True
placebo,19201,0.037599069791137286,True,True
placebo,19202,0.099783590368096517,True,True
placebo,19204,0.051191415703468364,True,True
placebo,19205,0.067206733229507487,True,True
placebo,19206,0.036788148359553595,True,True
placebo,19207,0.03123461522255563,True,True
placebo,19208,0.077804671795894884,True,True
placebo,19209,0.099530830439886017,True,True
placebo,19210,0.072465288444429413,True,True
placebo,19211,0.065240712514114702,True,True
placebo,19212,0.085487505829343002,True,True
placebo,19213,0.086863925410192139,True,True
placebo,19214,0.086265011604650929,True,True
placebo,19346,0.057245641616124471,True,True
placebo,19364,0.097131117110801787,True,True
placebo,19365,0.11077760790940078,True,True
placebo,19366,0.055943425092489514,True,True
placebo,19368,0.11310766558998311,True,True
placebo,19384,0.092491397329419509,True,True
placebo,19422,0.077479039834645741,True,True
placebo,19423,0.41304328556857273,True,False
placebo,19424,0.082068060676691729,True,True
placebo,19425,0.10682756675368978,True,True
placebo,19429,0.063646001193772048,True,True
placebo,19430,0.13910539465934499,True,True
placebo,19442,0.091983992069087805,True,True
placebo,19443,0.086407697043522413,True,True
placebo,20201,0.22322216747682075,True,True
placebo,20202,0.059781273825835118,True,True
placebo,20203,0.064775651707983356,True,True
placebo,20204,0.06908380057483067,True,True
placebo,20205,0.091347775928220409,True,True
placebo,20206,0.040824396521753285,True,True
placebo,20207,0.089057083829720593,True,True
placebo,20208,0.10081362553570726,True,True
placebo,20209,0.13074606304160039,True,True
placebo,20210,0.03319183577301018,True,True
placebo,20211,0.10086983685355518,True,True
placebo,20212,0.060358823353316007,True,True
placebo,20213,0.19182122382066938,True,True
placebo,20214,0.096543978602228353,True,True
placebo,20215,0.13461290774374754,True,True
placebo,20217,0.041454060389679019,True,True
placebo,20218,0.039250806390893671,True,True
placebo,20219,0.047642813103515778,True,True
placebo,20220,0.064713100037754795,True,True
placebo,20303,0.14309430795896977,True,True
placebo,20304,0.1367832000303871,True,True
placebo,20305,0.11942554969756186,True,True
placebo,20306,0.10375364230469722,True,True
placebo,20309,0.41715867874636731,True,False
placebo,20321,0.11401990489875287,True,True
placebo,20323,0.1511547543930353,True,True
placebo,20324,0.062197410370777313,True,True
placebo,20349,0.11462677002661656,True,True
placebo,20350,0.04570839167539055,True,True
placebo,20361,0.075531261128388746,True,True
placebo,20362,0.10605545626868275,True,True
placebo,20363,0.15382824186572303,True,True
placebo,20382,0.27139617186962706,True,False
placebo,20383,0.069505366962588119,True,True
placebo,20384,0.058011763699973559,True,True
placebo,20385,0.045342094812756771,True,True
placebo,20388,0.46579994863106261,True,False
placebo,20402,0.28971449255058113,True,False
placebo,20403,0.27529915560648999,True,False
placebo,20404,0.092278860555077419,True,True
placebo,20407,0.17643709264082591,True,True
placebo,20409,0.10782478901232355,True,True
placebo,20410,0.35501984895150657,True,False
placebo,20411,0.17373942946390095,True,True
placebo,20416,0.089035590292983871,True,True
placebo,20417,0.42789352740638248,True,False
placebo,20422,0.41227055592870132,True,False
placebo,20423,0.22418486308229443,True,True
placebo,20425,0.30312574348635785,True,False
placebo,20429,0.52827790902520555,True,False
placebo,20430,0.052304133282310122,True,True
placebo,20432,0.060080403512278481,True,True
placebo,20446,0.20430692224702848,True,True
placebo,20448,0.21277732882499481,True,True
placebo,20452,0.13916764146232333,True,True
placebo,20481,0.13675611898617496,True,True
placebo,20482,0.076568591546796821,True,True
placebo,20485,0.14896800129161256,True,True
placebo,20486,0.055241767613007919,True,True
placebo,20521,0.14915686543023621,True,True
placebo,20541,0.13008096842608827,True,True
placebo,20543,0.27267660932031779,True,False
placebo,20561,0.10520491206194242,True,True
placebo,20562,0.1819280898326936,True,True
placebo,20563,0.18923572458168406,True,True
placebo,20583,0.083575998249861283,True,True
placebo,20588,0.045820380731342654,True,True
placebo,20590,0.17517530537781581,True,True
placebo,20602,0.10821868949316757,True,True
placebo,21201,0.071907714484592419,True,True
placebo,21202,0.059162538532496256,True,True
placebo,21203,0.096397674981297962,True,True
placebo,21204,0.056680935364435844,True,True
placebo,21205,0.042681034449144131,True,True
placebo,21206,0.055914704534609304,True,True
placebo,21207,0.036297125809256134,True,True
placebo,21208,0.04257925211680099,True,True
placebo,21209,0.17857665219430593,True,True
placebo,21210,0.049086189108450438,True,True
placebo,21211,0.039942665962028709,True,True
placebo,21212,0.11302565383111011,True,True
placebo,21213,0.062401301353430916,True,True
placebo,21214,0.099837256293928089,True,True
placebo,21215,0.094518726788225066,True,True
placebo,21216,0.26054108161553641,True,False
placebo,21217,0.042915349605902549,True,True
placebo,21218,0.13340158132195221,True,True
placebo,21219,0.1771880822116472,True,True
placebo,21220,0.049409570415671518,True,True
placebo,21221,0.068886859304126621,True,True
placebo,21303,0.25968466981836968,True,False
placebo,21341,0.10821466875007614,True,True
placebo,21361,0.178704496047634,True,True
placebo,21362,0.23206759919531653,True,True
placebo,21381,0.42207879160059325,True,False
placebo,21383,0.5260256275719053,True,False
placebo,21401,0.091477851751910325,True,True
placebo,21403,0.045417214816476877,True,True
placebo,21404,0.05295269474523711,True,True
placebo,21421,0.43274895963103166,True,False
placebo,21502,0.059680204181131395,True,True
placebo,21503,0.058958649878828769,True,True
placebo,21504,0.067204719701552923,True,True
placebo,21505,0.044439908240617512,True,True
placebo,21506,0.045354239251506598,True,True
placebo,21507,0.083388099631498805,True,True
placebo,21521,0.052707150473054638,True,True
placebo,21604,0.066194228948953063,True,True
placebo,22101,0.089754968275103403,True,True
placebo,22102,0.092505835499814421,True,True
placebo,22103,0.077557661210641907,True,True
placebo,22203,0.10880410014935407,True,True
placebo,22205,0.094081262538872446,True,True
placebo,22206,0.042177883578048386,True,True
placebo,22207,0.09354976026578439,True,True
placebo,22208,0.076493358720843466,True,True
placebo,22209,0.083858310015580723,True,True
placebo,22210,0.057876107216398832,True,True
placebo,22211,0.070240821771462458,True,True
placebo,22212,0.084092643676721202,True,True
placebo,22213,0.064128843205386796,True,True
placebo,22214,0.087140493087659476,True,True
placebo,22215,0.054483454298762418,True,True
placebo,22216,0.25946579237489414,True,False
placebo,22219,0.10191269490800375,True,True
placebo,22220,0.11040977704221709,True,True
placebo,22221,0.061033502591917997,True,True
placebo,22222,0.094773551275725496,True,True
placebo,22223,0.05074233167473377,True,True
placebo,22224,0.071235474888692904,True,True
placebo,22225,0.091693859735998903,True,True
placebo,22226,0.12458746961110471,True,True
placebo,22301,0.086851423100418851,True,True
placebo,22302,0.25235022950510377,True,True
placebo,22304,0.13612709737485001,True,True
placebo,22305,0.087165455361732952,True,True
placebo,22306,0.1106717943210096,True,True
placebo,22325,0.040382064100619307,True,True
placebo,22341,0.14142815290816682,True,True
placebo,22342,0.0970966041670107,True,True
placebo,22344,0.14339698125084291,True,True
placebo,22424,0.19772378038784089,True,True
placebo,22429,0.18451427054250488,True,True
placebo,22461,0.19530992976024858,True,True
placebo,23101,0.21418496404730819,True,True
placebo,23102,0.069678538601512727,True,True
placebo,23103,0.053044175015643541,True,True
placebo,23104,0.047412146352766929,True,True
placebo,23105,0.212074935698086,True,True
placebo,23106,0.063808254759108826,True,True
placebo,23107,0.10904118071147233,True,True
placebo,23108,0.22024185718452069,True,True
placebo,23109,0.096816723402562616,True,True
placebo,23110,0.070948431619105259,True,True
placebo,23111,0.11203859657397201,True,True
placebo,23112,0.28306286185349749,True,False
placebo,23113,0.053154175089862317,True,True
placebo,23114,0.059494955174805783,True,True
placebo,23115,0.063919897516769353,True,True
placebo,23116,0.075359583913064659,True,True
placebo,23201,0.045178854143381429,True,True
placebo,23202,0.11488923173662649,True,True
placebo,23203,0.087553717862455013,True,True
placebo,23204,0.053147315547612373,True,True
placebo,23205,0.073958325300565925,True,True
placebo,23206,0.051728724945712345,True,True
placebo,23207,0.099937526259158541,True,True
placebo,23208,0.24215285474228138,True,True
placebo,23209,0.055476532433754222,True,True
placebo,23210,0.098792050611924503,True,True
placebo,23211,0.1135903131894862,True,True
placebo,23212,0.061734113345842626,True,True
placebo,23213,0.084056211041844339,True,True
placebo,23214,0.12139610391852251,True,True
placebo,23215,0.073662745366863389,True,True
placebo,23216,0.21693350346770607,True,True
placebo,23217,0.18175592183887962,True,True
placebo,23219,0.097378551614085027,True,True
placebo,23220,0.13672905974557123,True,True
placebo,23221,0.048627181579664905,True,True
placebo,23222,0.10657027264738911,True,True
placebo,23223,0.11359854185157685,True,True
placebo,23224,0.13453916157812879,True,True
placebo,23225,0.096646506913238409,True,True
placebo,23226,0.12622205715668483,True,True
placebo,23227,0.20260889642605576,True,True
placebo,23228,0.7982879536764772,False,False
placebo,23229,0.080101506241180565,True,True
placebo,23230,0.083235132023747244,True,True
placebo,23231,0.095473688770167237,True,True
placebo,23232,0.048318315455942992,True,True
placebo,23233,0.11477871692914501,True,True
placebo,23234,0.11641798589305916,True,True
placebo,23235,0.069662445322132616,True,True
placebo,23236,0.12494160217212559,True,True
placebo,23237,0.14845777978907432,True,True
placebo,23238,0.18329294610881078,True,True
placebo,23302,0.25221576572357762,True,True
placebo,23342,0.20876906361870895,True,True
placebo,23362,0.18398298153436912,True,True
placebo,23425,0.43963487753455027,True,False
placebo,23427,0.40060207007068638,True,False
placebo,23441,0.39673523866016469,True,False
placebo,23442,0.14084323533988419,True,True
placebo,23445,0.13194713604296507,True,True
placebo,23446,0.10813692183632682,True,True
placebo,23447,0.17466651474270359,True,True
placebo,23501,0.06752989406519308,True,True
placebo,23561,0.17260371858482365,True,True
placebo,23562,0.290493122318847,True,False
placebo,23563,0.2044443834675449,True,True
placebo,24201,0.039713894498911613,True,True
placebo,24202,0.042823792956522222,True,True
placebo,24203,0.13829308968032536,True,True
placebo,24204,0.041491841644832994,True,True
placebo,24205,0.06516520945588633,True,True
placebo,24207,0.24590085885584156,True,True
placebo,24208,0.035144363518707249,True,True
placebo,24209,0.18181751141877006,True,True
placebo,24210,0.050916454560234289,True,True
placebo,24211,0.091706815873122238,True,True
placebo,24212,0.060033536789999876,True,True
placebo,24214,0.15606437812191851,True,True
placebo,24215,0.063296773569122985,True,True
placebo,24216,0.03792015111022868,True,True
placebo,24324,0.081249286967232479,True,True
placebo,24341,0.06586316127210326,True,True
placebo,24343,0.055037655670291577,True,True
placebo,24344,0.40790780736431387,True,False
placebo,24441,0.26884027930831444,True,False
placebo,24442,0.092469266486505108,True,True
placebo,24443,0.09568156649503462,True,True
placebo,24461,0.13123568278421147,True,True
placebo,24471,0.092073865697983356,True,True
placebo,24472,0.20751683412149283,True,True
placebo,24543,0.10638096066306793,True,True
placebo,24561,0.10164741376030077,True,True
placebo,24562,0.12522570811660433,True,True
placebo,25201,0.064350972007174961,True,True
placebo,25202,0.074729635249498522,True,True
placebo,25203,0.079120547767541349,True,True
placebo,25204,0.061709598077851528,True,True
placebo,25206,0.07895317156671694,True,True
placebo,25207,0.11422179665724351,True,True
placebo,25208,0.05317397743232255,True,True
placebo,25209,0.0563371996871328,True,True
placebo,25210,0.16243839095659907,True,True
placebo,25211,0.087433107058900464,True,True
placebo,25212,0.1320351029780551,True,True
placebo,25213,0.088799659097422573,True,True
placebo,25214,0.085634311667407162,True,True
placebo,25383,0.07433273012721793,True,True
placebo,25384,0.056885555528748084,True,True
placebo,25425,0.36626525836450835,True,False
placebo,25441,0.26065324068962659,True,False
placebo,25442,0.064326545719687503,True,True
placebo,25443,0.12735124160931616,True,True
placebo,26101,0.066405374760873451,True,True
placebo,26102,0.098846639090612559,True,True
placebo,26103,0.12593760473564641,True,True
placebo,26104,0.1058668445239543,True,True
placebo,26105,0.14803806547019224,True,True
placebo,26106,0.042953519737821508,True,True
placebo,26107,0.12965148371851931,True,True
placebo,26108,0.11510158932584896,True,True
placebo,26109,0.067095466096822182,True,True
placebo,26110,0.10271602710911948,True,True
placebo,26111,0.072242506473077492,True,True
placebo,26201,0.1805302710815212,True,True
placebo,26202,0.077477337540498875,True,True
placebo,26203,0.13179547593058508,True,True
placebo,26204,0.1364303131652212,True,True
placebo,26205,0.078091722638339897,True,True
placebo,26206,0.13740522863563145,True,True
placebo,26207,0.10511858389539559,True,True
placebo,26208,0.29462453567834079,True,False
placebo,26209,0.16739246527838841,True,True
placebo,26210,0.1199412975988875,True,True
placebo,26211,0.13438251039167495,True,True
placebo,26212,0.11074826399938172,True,True
placebo,26213,0.056846581177684402,True,True
placebo,26214,0.04859997390936039,True,True
placebo,26303,0.27824329340494874,True,False
placebo,26322,0.091375000210891455,True,True
placebo,26344,0.069821812640670583,True,True
placebo,26364,0.13817634173775456,True,True
placebo,26365,0.072548331079867009,True,True
placebo,26366,0.35373121258999535,True,False
placebo,26367,0.042913031978032534,True,True
placebo,26407,0.068088015492510215,True,True
placebo,26463,0.065823926963005,True,True
placebo,26465,0.084045790393496148,True,True
placebo,27102,0.064668410261888049,True,True
placebo,27103,0.096822530405752977,True,True
placebo,27104,0.23867873510621496,True,True
placebo,27106,0.21390490932364792,True,True
placebo,27107,0.083475620200127221,True,True
placebo,27108,0.063925609482182497,True,True
placebo,27109,0.071964606624572894,True,True
placebo,27111,0.083247736775425962,True,True
placebo,27113,0.038865462345323801,True,True
placebo,27114,0.088775227918202873,True,True
placebo,27115,0.076548372792960562,True,True
placebo,27116,0.12479766067920507,True,True
placebo,27117,0.079732649838211739,True,True
placebo,27118,0.063642749344999083,True,True
placebo,27119,0.070248127408582203,True,True
placebo,27120,0.10357144459817948,True,True
placebo,27121,0.24910719900158521,True,True
placebo,27122,0.1570255666582564,True,True
placebo,27123,0.04793074886213064,True,True
placebo,27124,0.049634339643767345,True,True
placebo,27125,0.26832105385231203,True,False
placebo,27126,0.15835011056471968,True,True
placebo,27127,0.083788229612536874,True,True
placebo,27128,0.071142043299484023,True,True
placebo,27141,0.070626391903060609,True,True
placebo,27142,0.098889151988662771,True,True
placebo,27143,0.1307071005789037,True,True
placebo,27144,0.10844975756892815,True,True
placebo,27145,0.058529638918591524,True,True
placebo,27146,0.07820371550059077,True,True
placebo,27147,0.12545254957815555,True,True
placebo,27202,0.042253038416379889,True,True
placebo,27203,0.044365084582339169,True,True
placebo,27204,0.074192415350567878,True,True
placebo,27205,0.11568232422311031,True,True
placebo,27206,0.24486856989549741,True,True
placebo,27207,0.065147276935645676,True,True
placebo,27208,0.075306045287325929,True,True
placebo,27209,0.087863911718868107,True,True
placebo,27210,0.080166719186397187,True,True
placebo,27211,0.053464034893622975,True,True
placebo,27212,0.066925861468620576,True,True
placebo,27213,0.094189843745213275,True,True
placebo,27214,0.076827889044506353,True,True
placebo,27215,0.072391656736651738,True,True
placebo,27217,0.13213831672114013,True,True
placebo,27218,0.076410457457284336,True,True
placebo,27219,0.05390993188217387,True,True
placebo,27220,0.11541872826793322,True,True
placebo,27221,0.12208547049568645,True,True
placebo,27222,0.044590021526690449,True,True
placebo,27223,0.22099012173229979,True,True
placebo,27224,0.18334177980083741,True,True
placebo,27225,0.058561061635530112,True,True
placebo,27226,0.15112166397870472,True,True
placebo,27227,0.12332678857351095,True,True
placebo,27228,0.0964405721617108,True,True
placebo,27229,0.12547893562499932,True,True
placebo,27230,0.090575865945128217,True,True
placebo,27231,0.077543897891183558,True,True
placebo,27232,0.15934598065991989,True,True
placebo,27301,0.078625659087254968,True,True
placebo,27321,0.56112875175947408,True,False
placebo,27322,0.073899818406880299,True,True
placebo,27341,0.44764231836190782,True,False
placebo,27361,0.31174674282283865,True,False
placebo,27366,0.049070495939942498,True,True
placebo,27381,0.070102493733027904,True,True
placebo,27382,0.10720513803070231,True,True
placebo,27383,0.092689199429503891,True,True
placebo,28101,0.071932356887554658,True,True
placebo,28102,0.11491273354702822,True,True
placebo,28105,0.18831557628093046,True,True
placebo,28106,0.048606752633142652,True,True
placebo,28107,0.16919842570746613,True,True
placebo,28108,0.057103595795227217,True,True
placebo,28109,0.055894685731751451,True,True
placebo,28110,0.087284399774563856,True,True
placebo,28111,0.11047411165550808,True,True
placebo,28201,0.067328834352116479,True,True
placebo,28202,0.063620819767052653,True,True
placebo,28203,0.039633598889599081,True,True
placebo,28204,0.21415809555699905,True,True
placebo,28205,0.06509923866455461,True,True
placebo,28206,0.062224769922048957,True,True
placebo,28207,0.071038618056238081,True,True
placebo,28208,0.085941573885605652,True,True
placebo,28209,0.091146837666087041,True,True
placebo,28210,0.078832446273997256,True,True
placebo,28212,0.072349465194462934,True,True
placebo,28213,0.061723923446875259,True,True
placebo,28214,0.28411370473261749,True,False
placebo,28215,0.071678390414013485,True,True
placebo,28216,0.11275017971397133,True,True
placebo,28217,0.065041167024582069,True,True
placebo,28218,0.12221327592061676,True,True
placebo,28219,0.064565188442337426,True,True
placebo,28220,0.061279497215471733,True,True
placebo,28221,0.12824844568504878,True,True
placebo,28222,0.11026358060221916,True,True
placebo,28223,0.14709638601413144,True,True
placebo,28224,0.069253478014403083,True,True
placebo,28225,0.091402962567181695,True,True
placebo,28226,0.042452478553756084,True,True
placebo,28227,0.10404673147211597,True,True
placebo,28228,0.048370699335490937,True,True
placebo,28229,0.088021561652130931,True,True
placebo,28301,0.055654446206917237,True,True
placebo,28365,0.066879533221999118,True,True
placebo,28381,0.10478221376884024,True,True
placebo,28382,0.1063448854869818,True,True
placebo,28442,0.05553739785322815,True,True
placebo,28443,0.068908572064118531,True,True
placebo,28446,0.067555550691223945,True,True
placebo,28464,0.062332771370683181,True,True
placebo,28481,0.049473744684399246,True,True
placebo,28501,0.065567564443542295,True,True
placebo,28585,0.071633377092748432,True,True
placebo,28586,0.066954790289147706,True,True
placebo,29201,0.080364484759104807,True,True
placebo,29202,0.22372945500537908,True,True
placebo,29203,0.11953550200785314,True,True
placebo,29204,0.063502147964376782,True,True
placebo,29205,0.088724398415933922,True,True
placebo,29206,0.17544262356845747,True,True
placebo,29207,0.06088899373323356,True,True
placebo,29208,0.093494959031287059,True,True
placebo,29209,0.073312872594303788,True,True
placebo,29210,0.11910479035946213,True,True
placebo,29211,0.051659242565617207,True,True
placebo,29212,0.064416700493021131,True,True
placebo,29322,0.098711413126972125,True,True
placebo,29342,0.082573863771735673,True,True
placebo,29343,0.27926169456670702,True,False
placebo,29344,0.081522464075907797,True,True
placebo,29361,0.24552934326360198,True,True
placebo,29363,0.043348445718283994,True,True
placebo,29385,0.15877409880799281,True,True
placebo,29386,0.075739618860962032,True,True
placebo,29401,0.11111974620244554,True,True
placebo,29402,0.06302199394393862,True,True
placebo,29425,0.25734020361608623,True,True
placebo,29426,0.21155845374541354,True,True
placebo,29427,0.43022691746785208,True,False
placebo,29441,0.28853386827232264,True,False
placebo,29442,0.071171684345260652,True,True
placebo,29443,0.12650256811941277,True,True
placebo,29444,0.090837286412075363,True,True
placebo,29446,0.1213478754567907,True,True
placebo,29447,0.34334067447328492,True,False
placebo,29449,0.090934817985547436,True,True
placebo,29450,0.10545306177273023,True,True
placebo,29451,0.3416443643794459,True,False
placebo,29452,0.097979231927778992,True,True
placebo,29453,0.11920958456317299,True,True
placebo,30201,0.077256611079499077,True,True
placebo,30202,0.078995856711849874,True,True
placebo,30203,0.063000541750018943,True,True
placebo,30204,0.25584532176682573,True,True
placebo,30205,0.28302892869569091,True,False
placebo,30206,0.058551423803295852,True,True
placebo,30207,0.075960734328474111,True,True
placebo,30208,0.091354058888378872,True,True
placebo,30209,0.068789235796150039,True,True
placebo,30304,0.09603036589293544,True,True
placebo,30341,0.12936746404781141,True,True
placebo,30343,0.055239504608534239,True,True
placebo,30344,0.12841600760691041,True,True
placebo,30361,0.15400697706799743,True,True
placebo,30362,0.13749479107506057,True,True
placebo,30366,0.058248572817376852,True,True
placebo,30381,0.18659667671111441,True,True
placebo,30382,0.13274822141600287,True,True
placebo,30383,0.10068439920880447,True,True
placebo,30390,0.079376391012367153,True,True
placebo,30391,0.24007353470586085,True,True
placebo,30392,0.088928659233061133,True,True
placebo,30401,0.12685031586136944,True,True
placebo,30404,0.084615344485426444,True,True
placebo,30406,0.057430910434936859,True,True
placebo,30421,0.061517991248668975,True,True
placebo,30422,0.11653995732111595,True,True
placebo,30424,0.11310524165586838,True,True
placebo,30427,0.17189134798912459,True,True
placebo,30428,0.089080036346581834,True,True
placebo,31201,0.084269541063339573,True,True
placebo,31202,0.1005387238176635,True,True
placebo,31203,0.075039156377803312,True,True
placebo,31204,0.11651383955895264,True,True
placebo,31302,0.063938926173785354,True,True
placebo,31325,0.10989999552621817,True,True
placebo,31328,0.21893913843367563,True,True
placebo,31329,0.098867482647388358,True,True
placebo,31364,0.22152633986976317,True,True
placebo,31370,0.066794085332281664,True,True
placebo,31371,0.11954555388863135,True,True
placebo,31372,0.071874912586004688,True,True
placebo,31386,0.09367915558329,True,True
placebo,31389,0.26854070780537798,True,False
placebo,31390,0.27771674843805805,True,False
placebo,31401,0.17420032360393861,True,True
placebo,31402,0.11669572746338971,True,True
placebo,31403,0.057814568220543178,True,True
placebo,32201,0.063903862830913954,True,True
placebo,32202,0.069078933282335622,True,True
placebo,32203,0.062930833136964875,True,True
placebo,32204,0.081250585617102786,True,True
placebo,32205,0.078841194320475191,True,True
placebo,32206,0.073544441165475066,True,True
placebo,32207,0.040138511267294424,True,True
placebo,32209,0.036260047140721625,True,True
placebo,32343,0.10308953962929313,True,True
placebo,32386,0.106602605784509,True,True
placebo,32441,0.076123774300020791,True,True
placebo,32448,0.10097302560518562,True,True
placebo,32449,0.090403257202801901,True,True
placebo,32501,0.067972630758420666,True,True
placebo,32505,0.048133172683108912,True,True
placebo,32525,0.52436012686423739,True,False
placebo,32526,0.35428390931231823,True,False
placebo,32528,0.18307031044199365,True,True
placebo,33101,0.047713579408507935,True,True
placebo,33102,0.084436518965092286,True,True
placebo,33103,0.084071211833220111,True,True
placebo,33104,0.063749873819679892,True,True
placebo,33202,0.061571716821843946,True,True
placebo,33203,0.075167419077343645,True,True
placebo,33204,0.046169927776933739,True,True
placebo,33205,0.060793597677582599,True,True
placebo,33207,0.091605401864694083,True,True
placebo,33208,0.068550582153539916,True,True
placebo,33209,0.068937947908180502,True,True
placebo,33210,0.13504603793203537,True,True
placebo,33211,0.24248740731694549,True,True
placebo,33212,0.071682489141791983,True,True
placebo,33213,0.059842229746596844,True,True
placebo,33214,0.059433821439284419,True,True
placebo,33215,0.093965313333228856,True,True
placebo,33216,0.16213911852192361,True,True
placebo,33346,0.27170891912755651,True,False
placebo,33423,0.25540269142747823,True,True
placebo,33445,0.2709891238378262,True,False
placebo,33461,0.11562835133613847,True,True
placebo,33586,0.10249768818754838,True,True
placebo,33606,0.12489997145542107,True,True
placebo,33622,0.2312718337679921,True,True
placebo,33623,0.14426812569847508,True,True
placebo,33643,0.091538060437050636,True,True
placebo,33663,0.11378958824834227,True,True
placebo,33666,0.098516145850722825,True,True
placebo,33681,0.060348120167920606,True,True
placebo,34101,0.093862405931062556,True,True
placebo,34102,0.087082769228359419,True,True
placebo,34103,0.3665707857722808,True,False
placebo,34104,0.054788337486095594,True,True
placebo,34105,0.22335383729171387,True,True
placebo,34106,0.17669284514746961,True,True
placebo,34107,0.11173680025489763,True,True
placebo,34108,0.10229166011436296,True,True
placebo,34202,0.074690176061377081,True,True
placebo,34203,0.047559272368575288,True,True
placebo,34204,0.050571507492644288,True,True
placebo,34205,0.054061692182303688,True,True
placebo,34207,0.090399540884218282,True,True
placebo,34208,0.089503007098140838,True,True
placebo,34209,0.11543683514480368,True,True
placebo,34210,0.063435790328546238,True,True
placebo,34211,0.12521080443256125,True,True
placebo,34212,0.063687926165469921,True,True
placebo,34213,0.057902819937910105,True,True
placebo,34214,0.069306245316079512,True,True
placebo,34215,0.15834837457637571,True,True
placebo,34302,0.23175728791612729,True,True
placebo,34304,0.2834485982251348,True,False
placebo,34307,0.35722755242024301,True,False
placebo,34309,0.073082985224062827,True,True
placebo,34368,0.16020456575515993,True,True
placebo,34369,0.076808081408503898,True,True
placebo,34431,0.47961287734321745,True,False
placebo,34462,0.19277671171688149,True,True
placebo,34545,0.10970746188815859,True,True
placebo,35201,0.035248153121843859,True,True
placebo,35202,0.09286287113205674,True,True
placebo,35203,0.052130560775747126,True,True
placebo,35204,0.047973534989797416,True,True
placebo,35206,0.07442712744077673,True,True
placebo,35207,0.081202513459937481,True,True
placebo,35208,0.080459002778574928,True,True
placebo,35210,0.16349652462266367,True,True
placebo,35211,0.0571210140993689,True,True
placebo,35212,0.12011425776720082,True,True
placebo,35213,0.068710589013020074,True,True
placebo,35215,0.04030134520159874,True,True
placebo,35216,0.049968237456510467,True,True
placebo,35305,0.12280513856798748,True,True
placebo,35321,0.16297117935683575,True,True
placebo,35341,0.1125046273513427,True,True
placebo,35343,0.4158108656803407,True,False
placebo,35502,0.05286825259141556,True,True
placebo,36201,0.051611673854236026,True,True
placebo,36202,0.067699711446846458,True,True
placebo,36203,0.047518299869217379,True,True
placebo,36204,0.056929274959474696,True,True
placebo,36205,0.11944344551765446,True,True
placebo,36206,0.055099956931793224,True,True
placebo,36207,0.050310611670469206,True,True
placebo,36208,0.075542504537876892,True,True
placebo,36301,0.091794673245337327,True,True
placebo,36302,0.18255635622271779,True,True
placebo,36341,0.20687571452833775,True,True
placebo,36342,0.058224421415074758,True,True
placebo,36368,0.056955376816580083,True,True
placebo,36383,0.22083941161308987,True,True
placebo,36387,0.097482187206035034,True,True
placebo,36388,0.079048014859631727,True,True
placebo,36401,0.12795458870780471,True,True
placebo,36402,0.45554538828377339,True,False
placebo,36403,0.18635587977483653,True,True
placebo,36404,0.079295849793809298,True,True
placebo,36405,0.039069959560840535,True,True
placebo,36468,0.06154239302476306,True,True
placebo,36489,0.21848593352419862,True,True
placebo,37201,0.049065480753680328,True,True
placebo,37202,0.10040449968382789,True,True
placebo,37203,0.092978747388098082,True,True
placebo,37204,0.1112687154282176,True,True
placebo,37205,0.044001126143005893,True,True
placebo,37206,0.10422889910180433,True,True
placebo,37207,0.077645836832911597,True,True
placebo,37208,0.031078293431987224,True,True
placebo,37322,0.11937816583749289,True,True
placebo,37324,0.14484132982073361,True,True
placebo,37341,0.10632891437033745,True,True
placebo,37364,0.1955609175553244,True,True
placebo,37386,0.12858760982280593,True,True
placebo,37387,0.051942237215286971,True,True
placebo,37403,0.15543813839459134,True,True
placebo,37404,0.18129855927803465,True,True
placebo,37406,0.14576327512218071,True,True
placebo,38201,0.07427997902072675,True,True
placebo,38202,0.055172463155587576,True,True
placebo,38203,0.060879806895560655,True,True
placebo,38204,0.095411204441234992,True,True
placebo,38205,0.097993439760435119,True,True
placebo,38206,0.063437807340105928,True,True
placebo,38207,0.048963813759925645,True,True
placebo,38210,0.097958872100706737,True,True
placebo,38213,0.079882409834867774,True,True
placebo,38214,0.10176118492796755,True,True
placebo,38215,0.08488929359317747,True,True
placebo,38356,0.21176579871507342,True,True
placebo,38386,0.0683143079654423,True,True
placebo,38401,0.23385037892867178,True,True
placebo,38402,0.3262186362362372,True,False
placebo,38422,0.069300219907216007,True,True
placebo,38442,0.079525971066866416,True,True
placebo,38484,0.22112183393663909,True,True
placebo,38488,0.086042190494927354,True,True
placebo,38506,0.098061428417158009,True,True
placebo,39201,0.071156532216743965,True,True
placebo,39202,0.045604892328185938,True,True
placebo,39203,0.32735558153160599,True,False
placebo,39204,0.062499639664124196,True,True
placebo,39205,0.11082819810961242,True,True
placebo,39206,0.04746465735913695,True,True
placebo,39208,0.15766147407203324,True,True
placebo,39209,0.10471013798891869,True,True
placebo,39210,0.046682189225275124,True,True
placebo,39211,0.060558222929066159,True,True
placebo,39212,0.044128244397215181,True,True
placebo,39301,0.32945921004851558,True,False
placebo,39302,0.61793708665211544,False,False
placebo,39303,0.052190642365753305,True,True
placebo,39304,0.099763982039975913,True,True
placebo,39305,0.3327893170317906,True,False
placebo,39306,0.27219969699246155,True,False
placebo,39307,0.10563846232673316,True,True
placebo,39341,0.11758909065587074,True,True
placebo,39344,0.093436148016387013,True,True
placebo,39363,0.058375937213849448,True,True
placebo,39386,0.057491930028725581,True,True
placebo,39387,0.18462929675790479,True,True
placebo,39401,0.06405621931577879,True,True
placebo,39402,0.28464656825898849,True,False
placebo,39403,0.12175936692133685,True,True
placebo,39405,0.24124900066777433,True,True
placebo,39410,0.084054982068201986,True,True
placebo,39411,0.095468225522813241,True,True
placebo,39412,0.052614230096089808,True,True
placebo,39428,0.04488144746378675,True,True
placebo,40101,0.08155587318045486,True,True
placebo,40103,0.13829287201740373,True,True
placebo,40105,0.26260989752314395,True,False
placebo,40106,0.046345882361146909,True,True
placebo,40107,0.40260442216476039,True,False
placebo,40108,0.12920432909364482,True,True
placebo,40109,0.092617565220447298,True,True
placebo,40131,0.067436866411796456,True,True
placebo,40132,0.053433264530099507,True,True
placebo,40133,0.1274194617322976,True,True
placebo,40134,0.085617424182940174,True,True
placebo,40135,0.084247857161896603,True,True
placebo,40136,0.34252088526529595,True,False
placebo,40137,0.13954490931692015,True,True
placebo,40202,0.065911094395874101,True,True
placebo,40203,0.061282954992729052,True,True
placebo,40204,0.099423214667188536,True,True
placebo,40205,0.058078675538473012,True,True
placebo,40206,0.10650500344856438,True,True
placebo,40207,0.11331797054848082,True,True
placebo,40210,0.072960170303374858,True,True
placebo,40211,0.14302661076981732,True,True
placebo,40212,0.23474376457765658,True,True
placebo,40213,0.081148087271568581,True,True
placebo,40214,0.037256526348779503,True,True
placebo,40215,0.25290103077582327,True,True
placebo,40216,0.13158798314626874,True,True
placebo,40217,0.057509217921647302,True,True
placebo,40218,0.50894305490903091,True,False
placebo,40219,0.13133071273808664,True,True
placebo,40220,0.078247096090510004,True,True
placebo,40221,0.17393405779233898,True,True
placebo,40223,0.23580818489955205,True,True
placebo,40224,0.10798455242251946,True,True
placebo,40225,0.11595392192196101,True,True
placebo,40226,0.084736841124972734,True,True
placebo,40227,0.072217334367080929,True,True
placebo,40228,0.13454227967575341,True,True
placebo,40229,0.12690705516669915,True,True
placebo,40230,0.082453134210872664,True,True
placebo,40231,0.097824031295147218,True,True
placebo,40341,0.12027392399204749,True,True
placebo,40342,0.081176514497716776,True,True
placebo,40343,0.14578738986212286,True,True
placebo,40345,0.099656991773500583,True,True
placebo,40348,0.1317749636908927,True,True
placebo,40349,0.17749479742426108,True,True
placebo,40381,0.18748888659403837,True,True
placebo,40382,0.34821555408554034,True,False
placebo,40383,0.19211551656905873,True,True
placebo,40384,0.078226402518473376,True,True
placebo,40401,0.15663933645955275,True,True
placebo,40402,0.076228042398892734,True,True
placebo,40421,0.091795789121229945,True,True
placebo,40447,0.10855822840030091,True,True
placebo,40448,0.27725286442019259,True,False
placebo,40522,0.076468402341284172,True,True
placebo,40544,0.073454432461628832,True,True
placebo,40601,0.066500335220868623,True,True
placebo,40602,0.095502748311649496,True,True
placebo,40605,0.071755238849917885,True,True
placebo,40608,0.12042085327305493,True,True
placebo,40609,0.092615938119730568,True,True
placebo,40610,0.10889264382615785,True,True
placebo,40621,0.12438016062371188,True,True
placebo,40625,0.067785382879845105,True,True
placebo,40646,0.083057890606587165,True,True
placebo,40647,0.14906711529529304,True,True
placebo,41201,0.12190828344345121,True,True
placebo,41202,0.061729676702703414,True,True
placebo,41203,0.1532017396164011,True,True
placebo,41204,0.084651521770125998,True,True
placebo,41205,0.10709428321704259,True,True
placebo,41206,0.055799485780282411,True,True
placebo,41207,0.11403351343550044,True,True
placebo,41208,0.14437447584013394,True,True
placebo,41209,0.093619897512589326,True,True
placebo,41210,0.12808152799208711,True,True
placebo,41327,0.077011118832386108,True,True
placebo,41341,0.1441284491884319,True,True
placebo,41345,0.50004729119288605,True,False
placebo,41346,0.12138443794558013,True,True
placebo,41387,0.086109328164288873,True,True
placebo,41401,0.11019708210237192,True,True
placebo,41423,0.54172724084166868,True,False
placebo,41424,0.21982186885475338,True,True
placebo,41425,0.089006084377077965,True,True
placebo,41441,0.085465988626315312,True,True
placebo,42201,0.11064467964406184,True,True
placebo,42202,0.10566918452445626,True,True
placebo,42203,0.057181596096688415,True,True
placebo,42204,0.084763021998670987,True,True
placebo,42205,0.096431297254172307,True,True
placebo,42207,0.080417386056335319,True,True
placebo,42208,0.32804949752121626,True,False
placebo,42209,0.091064876302724793,True,True
placebo,42210,0.083201660837025779,True,True
placebo,42211,0.11660202974693373,True,True
placebo,42212,0.06440731867121062,True,True
placebo,42213,0.12918976137610075,True,True
placebo,42214,0.10215517994326979,True,True
placebo,42307,0.33159090039731592,True,False
placebo,42308,0.21774424256456515,True,True
placebo,42321,0.078073658261758452,True,True
placebo,42322,0.1431166831674642,True,True
placebo,42323,0.16382022834157733,True,True
placebo,42391,0.4880789564999784,True,False
placebo,42411,0.098874037732293252,True,True
placebo,43101,0.093644742530934091,True,True
placebo,43102,0.093793039812467005,True,True
placebo,43103,0.057230752571211171,True,True
placebo,43104,0.088041932687120225,True,True
placebo,43105,0.079958820892921487,True,True
placebo,43202,0.076363987382170304,True,True
placebo,43203,0.10926186301176601,True,True
placebo,43204,0.13400404749581499,True,True
placebo,43205,0.091619549222231547,True,True
placebo,43206,0.044409609699891356,True,True
placebo,43208,0.065779796420795886,True,True
placebo,43210,0.0511826511446246,True,True
placebo,43211,0.10894747197590371,True,True
placebo,43212,0.042596791784581409,True,True
placebo,43213,0.042654850401792718,True,True
placebo,43214,0.057395779449452906,True,True
placebo,43215,0.071412115383973129,True,True
placebo,43216,0.35331201245416882,True,False
placebo,43348,0.063714002906474818,True,True
placebo,43367,0.29406638106544192,True,False
placebo,43368,0.19021406662599891,True,True
placebo,43369,0.041438454630711961,True,True
placebo,43403,0.066840425683463503,True,True
placebo,43404,0.11166279034418154,True,True
placebo,43423,0.29421775776425035,True,False
placebo,43424,0.046014881303432814,True,True
placebo,43425,0.22153254049341964,True,True
placebo,43428,0.075095033168820061,True,True
placebo,43432,0.091685110357084904,True,True
placebo,43433,0.09113870699670934,True,True
placebo,43441,0.2021163026540985,True,True
placebo,43442,0.06329878005968706,True,True
placebo,43443,0.077840434057238381,True,True
placebo,43444,0.14881736536314799,True,True
placebo,43447,0.090058545107144825,True,True
placebo,43468,0.15054457575032684,True,True
placebo,43482,0.041426193386115889,True,True
placebo,43484,0.11377403238480525,True,True
placebo,43501,0.067624969250892522,True,True
placebo,43505,0.35477693827754692,True,False
placebo,43506,0.42116756966258212,True,False
placebo,43507,0.42440069648376988,True,False
placebo,43510,0.089801515100489504,True,True
placebo,43511,0.12972941624048709,True,True
placebo,43512,0.23693686049677629,True,True
placebo,43514,0.23412370732069576,True,True
placebo,43531,0.30869573140676848,True,False
placebo,44201,0.042755857618495256,True,True
placebo,44202,0.035324260613369816,True,True
placebo,44203,0.050384652997842512,True,True
placebo,44204,0.083873297979915301,True,True
placebo,44205,0.044202845416432095,True,True
placebo,44206,0.099352277568521039,True,True
placebo,44207,0.16161582858748769,True,True
placebo,44208,0.046093909469988405,True,True
placebo,44209,0.095080842323028089,True,True
placebo,44210,0.07268819828132278,True,True
placebo,44211,0.057539370240461088,True,True
placebo,44212,0.051900793101272401,True,True
placebo,44213,0.038914764165605076,True,True
placebo,44214,0.11403504265476437,True,True
placebo,44341,0.1494330896621805,True,True
placebo,44461,0.11107306672300729,True,True
placebo,44462,0.048107619307676451,True,True
placebo,45201,0.13296538303639249,True,True
placebo,45202,0.057604922666341957,True,True
placebo,45203,0.058441284147303756,True,True
placebo,45204,0.10124439196434905,True,True
placebo,45205,0.066042043859635177,True,True
placebo,45206,0.050284187392270696,True,True
placebo,45207,0.069266729806514743,True,True
placebo,45208,0.098193113016547012,True,True
placebo,45209,0.049372553486114051,True,True
placebo,45341,0.41501537548951478,True,False
placebo,45361,0.12055171034316978,True,True
placebo,45382,0.20105180633680017,True,True
placebo,45383,0.094356449486867083,True,True
placebo,45401,0.21564019011484209,True,True
placebo,45402,0.12090339823964291,True,True
placebo,45403,0.16845155898265393,True,True
placebo,45404,0.26349127757125101,True,False
placebo,45405,0.044076234849499525,True,True
placebo,45406,0.061889963694168007,True,True
placebo,45421,0.61575996936785682,False,False
placebo,45430,0.32364233552863186,True,False
placebo,45431,0.34871514239077028,True,False
placebo,45441,0.085020968154858434,True,True
placebo,45442,0.10262801122148321,True,True
placebo,45443,0.23235197907361924,True,True
placebo,46201,0.073328991728189089,True,True
placebo,46203,0.066849429327038287,True,True
placebo,46204,0.16467882869795769,True,True
placebo,46206,0.098424138693845267,True,True
placebo,46208,0.065203186702222207,True,True
placebo,46210,0.067300216440252719,True,True
placebo,46213,0.16515940745015187,True,True
placebo,46214,0.058233898802264226,True,True
placebo,46215,0.061124754558784876,True,True
placebo,46216,0.046536696592320938,True,True
placebo,46217,0.040953185359929506,True,True
placebo,46218,0.070222812895334857,True,True
placebo,46219,0.18709568738504129,True,True
placebo,46220,0.06681790685342899,True,True
placebo,46221,0.047291576908837063,True,True
placebo,46222,0.13050717451192886,True,True
placebo,46223,0.082961807584385802,True,True
placebo,46224,0.18407664980817878,True,True
placebo,46225,0.074931605591093867,True,True
placebo,46392,0.07786275770131415,True,True
placebo,46404,0.092633121530603629,True,True
placebo,46452,0.082192757284783216,True,True
placebo,46468,0.091758728337495321,True,True
placebo,46482,0.43861082425804954,True,False
placebo,46490,0.085919401223008215,True,True
placebo,46491,0.11003953949165385,True,True
placebo,46492,0.14564069395169008,True,True
placebo,46501,0.13598581532849491,True,True
placebo,46502,0.15692906307586685,True,True
placebo,46505,0.15477582414392999,True,True
placebo,46523,0.36064740086285041,True,False
placebo,46524,0.52319869908749506,True,False
placebo,46525,0.10848531746007535,True,True
placebo,46527,0.21604415328307119,True,True
placebo,46529,0.59173842194436066,False,False
placebo,46531,0.36030151662099369,True,False
placebo,46532,0.4539840825411926,True,False
placebo,46533,0.50637168326608206,True,False
placebo,46535,0.1524928560245028,True,True
placebo,47201,0.10741296710223271,True,True
placebo,47205,0.16887268903236224,True,True
placebo,47207,0.090949019346414736,True,True
placebo,47208,0.28436725529399448,True,False
placebo,47209,0.063046695932075653,True,True
placebo,47210,0.078501818367179912,True,True
placebo,47211,0.11622908267092671,True,True
placebo,47212,0.093931817471617274,True,True
placebo,47213,0.082581488298350561,True,True
placebo,47214,0.11834625369406961,True,True
placebo,47215,0.21196203870322294,True,True
placebo,47301,0.081352005481166931,True,True
placebo,47302,0.057308079590992003,True,True
placebo,47303,0.098744276128333752,True,True
placebo,47306,0.074230137829606913,True,True
placebo,47308,0.2031631224810769,True,True
placebo,47311,0.056804716201267078,True,True
placebo,47313,0.14138812684454674,True,True
placebo,47314,0.15367591398963512,True,True
placebo,47315,0.35054607000512489,True,False
placebo,47324,0.098981653860284291,True,True
placebo,47326,0.095480989200635649,True,True
placebo,47327,0.15359179752843366,True,True
placebo,47328,0.20946399184383244,True,True
placebo,47329,0.16959960465317553,True,True
placebo,47348,0.34359626739478943,True,False
placebo,47350,0.17188596625596345,True,True
placebo,47353,0.32440450128757486,True,False
placebo,47354,0.27460769854987266,True,False
placebo,47361,0.25618891880705574,True,True
placebo,47362,0.10593690552266793,True,True
placebo,47381,0.10046845636259388,True,True
placebo,47382,0.31620054279052673,True,False
